,daily_views,director_drama_num,screenwriter_drama_num,tot_eps,duration,season_Spring,season_Summer,season_Winter,week_of_weekend,org_terrestrial_TV,org_cable_TV,org_OTT,man_cnt,woman_cnt,play_actor,child_actor,singer_actor,drama_cnt_naver,Romance,Drama,Comedy,Mystery,Thriller,Life,Fantasy,Action,Youth,Business,Family,Historical,Supernatural,Law,Political,Psychological,Crime,Medical,etc
3,248365,3,1,12,60,0,1,0,1,1,0,0,3,2,1,0,2,20,0,1,0,1,1,0,0,1,0,0,0,0,0,0,0,0,0,0,0
12,211121,5,1,16,70,1,0,0,0,0,1,0,2,2,0,0,1,22,0,1,1,0,0,0,0,0,0,0,0,0,0,0,0,0,1,0,0
19,200866,4,2,16,70,1,0,0,0,1,1,0,1,1,0,0,0,15,1,1,0,1,0,0,0,0,0,0,0,0,0,0,0,0,0,0,1
22,145144,1,1,16,80,1,0,0,0,0,1,0,0,3,0,0,0,32,1,1,0,1,1,0,0,0,0,0,0,0,0,0,0,0,0,0,0
25,224864,6,1,11,67,1,0,0,0,0,0,1,0,2,0,0,1,24,0,1,0,0,0,0,0,0,0,1,0,0,0,0,1,0,0,0,0
26,39635,4,1,12,60,1,0,0,0,0,1,0,4,2,1,0,3,34,0,0,1,1,0,0,0,1,0,0,0,0,0,0,0,0,0,0,1
29,72145,3,2,16,70,1,0,0,1,1,0,0,2,1,0,0,2,13,1,1,0,0,0,0,0,0,0,0,0,1,0,1,0,0,0,0,0
31,55774,10,2,18,70,1,0,0,0,1,1,0,3,1,0,0,0,12,1,1,0,1,0,0,0,0,0,0,0,1,0,0,0,0,0,0,0
32,64806,2,1,10,35,1,0,0,0,0,0,1,2,0,0,0,1,12,1,0,1,0,0,0,0,0,0,0,0,0,0,0,0,0,0,0,0
34,28160,6,1,16,62,1,0,0,1,0,1,2,3,2,0,0,0,28,1,1,0,0,1,0,0,1,0,0,0,0,0,0,0,0,0,0,0
37,207706,6,4,12,60,1,0,0,1,0,1,2,3,1,3,0,0,17,0,1,0,0,0,0,0,0,0,0,0,0,0,1,0,0,0,0,0
38,236384,2,2,12,70,1,0,0,0,0,1,2,2,1,0,1,1,17,1,0,1,1,0,0,0,0,0,0,0,0,1,0,0,0,0,0,0
43,24708,1,1,12,70,0,0,1,0,0,1,1,2,1,0,0,0,19,1,1,1,0,0,0,1,0,0,0,0,0,0,0,0,0,0,0,0
44,154861,3,4,10,52,0,0,1,0,0,0,1,2,2,0,0,0,19,1,0,1,0,0,0,0,0,0,0,0,0,0,1,0,0,0,0,0
45,31370,5,5,20,80,0,0,1,0,0,1,1,4,2,0,0,1,10,1,1,0,1,0,0,0,0,0,0,0,1,0,0,0,0,0,0,0
46,77745,5,2,16,80,0,0,1,1,1,0,0,2,2,0,0,0,15,1,0,1,0,0,0,1,0,0,0,0,0,0,0,0,0,0,1,0
49,19811,6,2,10,75,0,0,1,0,0,1,0,3,2,0,1,0,15,1,0,0,1,0,0,0,0,0,0,0,1,0,0,0,0,0,1,0
51,189687,1,3,12,70,0,0,1,1,1,0,1,3,1,0,0,0,14,0,1,0,1,1,0,0,0,0,1,0,0,0,0,0,0,0,0,0
52,18328,2,1,16,70,0,0,1,0,1,0,0,2,2,1,0,1,24,0,0,1,1,0,0,0,0,0,0,0,0,0,0,0,0,0,0,0
55,132424,9,1,8,54,0,0,1,0,0,0,1,2,2,1,0,1,12,1,1,1,0,0,0,0,0,0,1,0,0,0,0,0,0,0,0,0
58,48310,1,2,16,60,0,0,1,0,1,0,1,2,2,1,0,0,16,1,0,0,1,0,0,0,0,0,0,0,0,0,0,1,0,0,0,0
59,74303,6,2,14,60,0,0,1,0,0,1,0,4,2,0,1,1,17,0,0,0,1,1,0,0,0,0,0,0,0,1,0,0,0,0,0,0
61,205481,7,5,10,81,0,0,1,1,0,1,1,3,2,0,0,1,13,1,0,0,0,0,0,1,1,0,0,0,1,0,0,0,0,0,0,0
62,197612,9,6,6,60,0,0,1,0,0,0,1,4,2,0,0,0,24,0,0,0,1,1,0,0,1,0,0,0,0,0,0,0,0,1,0,0
63,72180,3,1,12,70,0,0,1,1,1,0,0,2,1,0,0,1,11,1,0,1,1,0,0,0,0,0,0,0,1,0,0,0,0,0,0,0
65,97934,2,3,12,60,0,0,1,0,0,0,1,2,1,0,0,1,18,0,0,1,1,1,0,1,0,0,0,0,0,0,0,0,0,0,0,0
66,129937,4,1,12,50,0,0,0,0,0,0,2,2,2,0,0,2,11,1,1,0,0,0,0,0,0,0,0,0,0,0,0,0,0,0,0,0
73,15905,6,2,16,60,0,0,0,0,1,1,0,1,2,0,0,0,40,1,1,0,0,0,0,0,0,0,0,1,0,0,0,0,0,0,0,0
76,114238,1,1,20,26,0,0,0,0,0,1,0,4,2,0,0,5,8,1,0,0,0,0,0,1,0,1,0,0,0,0,0,0,0,0,0,0
77,173675,4,2,16,70,0,0,0,0,1,0,1,1,1,0,0,2,14,1,1,0,1,0,0,0,0,0,0,0,0,1,0,0,0,0,0,0
79,27217,1,1,6,30,0,0,0,0,0,0,1,2,2,1,0,0,21,1,1,0,0,0,0,0,0,0,0,0,0,0,0,0,0,0,0,1
82,229067,1,2,10,53,0,0,0,0,0,0,1,0,2,0,0,1,10,0,0,1,1,1,0,0,0,0,0,0,0,0,0,0,0,0,0,1
83,31186,5,3,16,60,0,0,0,0,0,1,1,1,1,0,0,1,30,1,0,1,0,0,0,0,0,0,0,0,0,0,0,0,0,0,0,0
84,73409,2,2,12,61,0,0,0,0,1,0,0,2,1,0,0,1,11,0,0,1,1,0,0,0,1,0,0,0,0,0,1,0,0,0,0,0
86,145061,2,1,12,50,0,0,0,1,0,0,2,2,1,0,0,0,18,1,1,1,0,0,0,0,0,0,1,0,0,0,0,0,0,0,0,0
87,73605,3,3,51,70,0,0,0,1,1,0,0,4,1,0,0,0,26,1,0,1,0,0,0,0,0,0,0,1,0,0,0,0,0,0,0,0
88,65545,4,1,16,60,0,0,0,1,0,2,0,3,3,0,0,1,42,1,1,0,0,0,0,0,0,0,0,0,0,0,1,0,0,0,0,0
92,248403,5,2,12,65,0,0,0,0,0,0,2,2,1,2,0,0,16,0,1,0,1,0,0,0,0,0,0,0,0,0,1,0,0,0,0,0
94,14487,4,3,16,70,0,0,0,0,0,1,0,3,2,0,0,0,15,0,1,1,0,0,0,0,0,0,0,0,0,0,0,0,0,0,0,1
96,90265,4,1,16,63,0,0,0,0,1,2,0,1,1,0,1,1,34,1,0,1,0,0,0,0,0,0,0,0,0,0,1,0,0,0,0,0
97,224353,7,2,12,75,0,0,0,1,0,1,1,1,3,0,2,0,13,0,1,0,1,1,0,0,1,0,0,0,0,0,0,0,0,0,0,0
98,22338,5,1,12,60,0,1,0,0,0,1,1,1,1,0,0,1,27,1,0,1,1,0,0,1,0,0,0,0,0,0,0,0,0,0,0,0
101,27295,2,1,16,70,0,1,0,0,1,1,0,2,1,1,1,1,37,1,1,0,0,0,0,0,0,0,0,0,0,0,0,0,0,0,1,0
102,15524,6,2,12,75,0,1,0,0,0,1,0,2,1,0,1,0,18,1,0,0,1,0,0,0,0,0,0,0,1,0,0,0,0,0,1,0
103,142689,2,4,16,70,0,1,0,0,0,1,1,1,2,0,1,0,24,0,1,0,0,0,0,0,0,0,0,0,0,0,0,0,0,0,0,0
104,75346,5,4,16,70,0,1,0,1,0,1,1,3,1,1,0,0,27,0,1,0,1,1,0,0,1,0,0,0,0,0,0,0,0,0,0,0
105,38826,6,1,16,70,0,1,0,1,1,2,0,2,1,0,0,1,15,0,1,1,0,0,0,0,0,0,1,0,0,0,0,0,0,0,0,0
107,67410,6,1,16,70,0,1,0,0,0,1,0,1,2,0,0,0,27,0,1,0,1,1,0,0,0,0,0,0,0,0,0,0,0,0,0,0
108,132515,8,1,16,20,0,1,0,0,0,1,0,2,2,0,0,3,10,1,1,0,0,0,0,0,0,1,0,0,0,0,0,0,0,0,0,0
110,235722,10,3,8,60,0,1,0,0,0,0,1,2,3,1,0,0,15,1,1,0,1,0,0,0,0,0,0,0,0,0,0,0,0,0,0,0
111,58881,1,1,10,30,0,1,0,0,0,0,1,1,2,0,0,1,11,1,1,0,0,0,0,0,0,0,0,0,0,0,0,0,0,0,0,0
113,97782,4,2,12,70,0,1,0,0,1,1,0,3,3,0,1,2,11,1,1,0,0,0,0,0,0,1,0,0,0,0,0,0,0,0,0,0
114,13159,5,2,18,63,0,1,0,0,1,0,1,3,2,0,0,2,17,1,0,1,1,0,0,0,0,0,0,0,0,0,0,0,0,0,0,0
115,63436,5,1,12,70,0,1,0,1,0,1,0,0,3,0,0,0,33,0,0,1,1,0,0,0,0,0,0,0,0,0,0,0,0,0,0,0
117,118564,9,6,6,70,0,1,0,0,0,0,1,4,2,0,0,0,24,0,0,0,1,1,0,0,1,0,0,0,0,0,0,0,0,1,0,0
119,8850,6,3,16,70,0,1,0,0,1,1,0,2,1,0,0,1,29,1,0,0,1,0,0,1,0,0,0,0,0,0,0,0,0,0,0,0
120,181500,6,4,14,65,0,1,0,0,0,0,1,1,1,0,0,1,12,1,1,1,0,0,0,0,0,0,0,0,0,0,0,0,0,0,0,0
121,94048,6,2,16,64,0,1,0,0,0,1,0,1,1,0,0,0,14,0,0,0,0,1,0,0,1,0,0,0,0,0,1,0,0,0,0,0
122,22886,8,3,16,70,0,1,0,0,0,1,0,1,1,0,2,0,29,1,1,0,1,0,0,1,0,0,0,0,0,0,0,0,0,0,0,0
124,88232,5,2,16,70,0,1,0,1,0,1,0,2,3,0,0,0,22,0,1,1,0,0,0,0,0,0,0,0,0,0,0,0,0,1,0,0
125,34875,5,2,16,63,0,1,0,1,1,0,0,2,1,1,0,0,23,0,1,0,0,1,0,0,0,0,0,0,0,0,1,0,0,0,1,0
126,114319,5,3,16,70,0,1,0,1,1,2,0,3,1,0,0,0,18,1,0,0,1,0,0,0,0,0,0,0,0,0,1,0,0,0,0,0
128,132743,8,2,12,70,1,0,0,0,0,0,2,2,1,0,0,0,27,1,0,1,0,0,0,1,0,0,0,0,0,1,0,0,0,0,0,0
130,110814,4,1,12,38,1,0,0,0,0,1,1,1,1,0,0,0,20,1,1,0,0,0,0,0,0,0,0,0,0,0,0,0,0,0,0,0
131,111961,1,1,6,20,1,0,0,1,0,1,0,2,0,0,0,0,1,1,0,0,0,0,0,0,0,1,0,0,0,0,0,0,0,0,0,0
132,239718,1,1,12,45,1,0,0,0,0,0,1,1,1,0,0,0,14,0,0,0,1,1,0,0,0,0,0,0,0,0,0,0,0,0,0,0
134,41661,4,4,6,70,1,0,0,0,0,0,1,2,1,1,0,0,11,0,1,0,0,0,0,1,0,0,0,0,0,0,0,0,1,0,0,1
135,43482,4,3,16,72,1,0,0,0,0,0,2,3,2,0,1,2,31,0,1,1,0,0,0,0,0,0,0,0,0,0,0,0,0,0,0,0
136,32639,5,4,16,66,1,0,0,0,1,0,0,2,1,0,0,1,28,0,1,0,0,0,0,0,0,0,0,0,1,0,0,1,0,0,0,0
137,84384,1,6,6,40,1,0,0,0,0,0,1,1,2,1,1,0,17,0,0,0,1,1,0,0,0,0,0,0,0,1,0,0,0,0,0,1
138,94015,1,5,8,65,1,0,0,0,0,1,0,1,2,0,0,0,17,0,0,1,1,1,0,0,0,0,0,0,0,0,0,0,0,0,0,0
139,17969,7,2,16,73,1,0,0,1,1,1,0,2,1,0,0,0,24,1,0,1,1,0,0,1,0,0,0,0,0,0,0,0,0,0,0,0
140,98381,5,1,16,60,1,0,0,1,0,1,0,3,3,0,1,2,19,1,1,1,0,0,0,0,0,0,0,0,0,0,0,0,0,0,0,0
141,14661,3,2,16,70,1,0,0,0,1,0,0,2,3,0,0,1,12,1,1,0,0,0,0,0,0,0,0,0,0,0,0,0,0,0,0,1
144,123431,4,1,16,65,1,0,0,1,1,1,0,3,1,1,0,0,26,0,1,0,1,0,0,1,0,0,0,0,0,0,1,0,0,0,0,0
145,137075,2,1,16,70,1,0,0,0,0,1,1,0,5,0,0,0,20,0,1,0,1,0,0,0,0,0,0,0,0,0,0,0,0,0,0,0
146,23545,1,5,50,70,1,0,0,1,1,0,0,3,3,0,0,0,15,1,1,0,0,0,0,0,0,0,0,1,0,0,0,0,0,0,0,0
147,238589,3,1,16,60,1,0,0,1,1,0,1,3,1,0,0,1,20,0,1,0,0,1,0,1,1,0,0,0,0,0,0,0,0,0,0,0
148,112289,5,1,12,55,1,0,0,0,0,0,1,2,1,0,0,1,19,0,1,0,1,1,0,0,0,0,0,0,0,0,0,0,0,0,0,0
149,35636,3,3,8,60,1,0,0,1,0,1,0,3,0,0,0,0,17,0,1,0,1,1,0,0,0,0,0,0,0,0,0,0,1,0,0,0
150,79422,4,1,14,60,1,0,0,0,0,1,0,0,3,0,0,0,23,0,1,0,0,1,0,0,0,0,0,0,0,0,0,0,0,0,0,0
151,95218,9,1,16,65,1,0,0,0,1,0,0,2,1,0,0,1,15,1,1,1,0,0,0,0,0,0,0,0,0,0,0,0,0,0,0,0
154,69661,3,3,16,70,0,0,1,1,0,1,0,2,3,1,0,0,13,1,1,0,0,0,0,0,0,0,0,0,0,0,0,0,0,0,0,0
155,249126,8,1,10,62,0,0,1,0,0,0,1,2,2,2,0,0,28,0,1,0,0,0,0,0,0,0,0,0,0,0,1,0,0,0,0,0
156,36438,2,1,8,25,0,0,1,0,0,1,0,2,0,0,0,1,6,1,1,0,0,0,0,0,0,1,0,0,0,0,0,0,0,0,0,0
157,54774,4,1,12,56,0,0,1,0,0,2,0,2,2,0,0,0,16,1,1,0,0,1,0,0,0,0,0,0,0,0,0,0,0,0,0,0
159,5437,1,2,10,17,0,0,1,0,0,1,0,2,2,0,0,2,7,1,0,0,0,0,0,0,0,0,0,0,0,0,0,0,0,0,0,0
160,41578,2,3,12,60,0,0,1,0,0,0,1,2,1,0,0,0,30,0,0,1,0,0,0,0,0,0,0,0,0,0,0,0,0,0,0,0
161,134794,8,4,12,78,0,0,1,0,0,1,1,0,3,2,0,0,7,1,1,0,0,0,0,0,0,0,0,0,0,0,0,0,0,0,0,0
162,35676,1,4,10,60,0,0,1,0,0,0,2,3,2,2,0,0,19,0,0,0,1,1,0,0,1,0,0,0,0,0,0,0,0,0,0,1
164,51848,5,1,16,70,0,0,1,1,0,1,1,2,2,0,0,1,26,1,1,0,0,0,0,0,0,0,0,0,0,0,0,0,0,0,0,0
166,112,1,1,6,17,0,0,1,0,1,0,0,3,3,0,0,0,31,0,0,0,0,0,0,0,0,0,0,1,0,0,0,0,0,0,0,1
168,42550,6,2,16,60,0,0,1,0,0,0,2,1,1,0,0,1,16,1,1,0,0,0,0,0,0,1,0,0,0,0,0,0,0,0,0,0
169,86911,1,1,12,28,0,0,1,1,0,0,1,1,1,0,0,0,34,0,0,1,0,0,0,0,0,0,0,0,0,0,0,0,0,0,1,0
170,79904,5,1,12,70,0,0,1,1,1,0,0,2,1,0,0,0,13,0,1,0,1,1,0,0,0,0,0,0,0,0,0,0,0,0,0,0
171,54696,4,4,8,60,0,0,1,1,1,0,0,3,1,0,1,1,25,0,1,0,1,1,0,0,1,0,0,0,0,0,0,0,0,0,0,0
173,131184,1,1,8,30,0,0,1,0,0,1,1,1,1,0,0,1,24,1,0,1,0,0,0,1,0,0,0,0,0,0,0,0,0,0,0,0
174,113673,1,1,8,50,0,0,1,0,0,0,1,2,1,0,0,1,22,0,0,0,1,1,0,0,0,0,0,0,0,0,0,0,0,0,0,1
175,21194,4,1,16,70,0,0,1,0,1,0,0,2,2,0,1,2,17,1,0,1,0,0,0,0,1,0,0,0,1,0,0,0,0,0,0,0
176,106882,5,3,16,70,0,0,1,0,0,1,0,1,3,0,0,1,12,1,1,0,1,0,0,0,0,0,0,0,0,0,0,0,0,0,0,0
177,42877,2,3,16,75,0,0,1,1,0,1,1,2,2,0,0,2,20,0,1,0,1,1,0,1,0,0,0,0,0,0,0,0,0,0,0,0
178,116647,3,2,16,90,0,0,1,1,0,1,0,3,3,0,0,0,21,1,1,0,0,0,0,0,0,0,0,0,0,0,0,1,0,0,0,0
179,136994,1,1,5,26,0,0,1,0,1,0,0,0,4,0,0,1,18,0,0,1,0,0,0,0,0,0,0,0,0,0,0,0,0,0,0,1
180,52748,1,2,12,70,0,0,1,1,0,1,1,3,1,0,0,1,20,0,0,1,1,1,0,0,1,0,0,0,0,0,0,0,0,0,0,0
182,52679,2,2,32,60,0,0,1,1,1,0,0,2,2,0,0,0,39,0,1,0,0,1,0,0,0,0,0,0,1,0,0,1,0,0,0,0
183,77377,4,1,16,70,0,0,1,1,0,2,0,3,3,0,1,0,20,0,1,1,0,0,0,0,0,0,0,0,0,0,0,0,0,0,0,1
184,75854,5,2,12,25,0,0,1,0,0,1,1,1,2,0,0,0,21,1,1,0,0,0,0,0,0,0,0,0,0,0,0,0,0,0,0,1
185,47665,4,1,20,70,0,0,1,0,0,1,0,2,3,0,0,0,24,0,1,0,1,1,0,0,0,0,0,0,0,0,0,0,1,0,0,0
187,61209,2,2,16,65,0,0,0,0,0,2,0,2,2,0,0,1,25,1,1,0,1,1,0,0,0,0,0,0,0,0,0,0,0,0,0,0
188,69444,4,2,8,70,0,0,0,1,0,1,0,2,0,0,0,0,18,0,0,0,1,1,0,0,0,0,0,0,0,0,1,0,0,1,0,0
189,17042,3,1,16,63,0,0,0,0,1,1,0,3,3,0,0,1,9,1,1,0,0,0,0,0,0,1,0,0,0,0,0,0,0,0,0,0
190,106859,1,1,13,20,0,0,0,1,0,2,0,1,3,0,0,2,7,1,1,0,0,1,0,0,0,0,0,0,0,0,0,0,1,0,0,0
193,223012,3,1,7,40,0,0,0,0,0,0,1,3,3,0,1,1,9,1,0,1,0,0,0,0,0,1,0,0,0,0,0,0,0,0,0,0
194,79945,2,2,16,60,0,0,0,1,1,1,0,2,2,0,0,0,14,1,1,0,0,0,0,0,0,0,0,0,0,0,0,0,0,0,0,0
195,212090,4,2,17,80,0,0,0,1,1,1,0,2,1,0,1,1,19,1,1,0,0,0,0,0,0,0,0,0,1,0,0,0,0,0,0,0
196,111428,5,3,16,70,0,0,0,0,0,1,0,2,2,0,0,0,20,1,1,0,0,0,0,0,0,0,0,0,0,0,0,0,0,0,0,0
197,29293,2,2,12,85,0,0,0,0,0,1,1,1,5,0,0,4,14,0,1,0,0,0,0,0,0,1,0,0,0,0,0,0,0,0,0,1
198,19565,3,3,16,60,0,0,0,0,0,1,0,1,1,0,0,1,20,1,0,1,1,0,0,0,0,0,0,0,1,0,0,0,0,0,0,0
199,7634,2,1,12,70,0,0,0,1,1,0,1,1,1,0,1,1,15,1,1,1,0,0,0,0,0,0,0,0,0,0,0,0,0,0,0,1
201,18587,4,1,12,70,0,0,0,1,0,1,1,2,4,1,0,0,26,0,0,1,1,1,0,0,1,0,0,0,0,0,0,0,0,0,0,0
202,20367,1,2,16,65,0,0,0,1,0,1,0,2,2,0,0,0,14,0,0,0,1,1,0,0,0,0,0,0,0,0,0,0,0,0,0,0
204,41376,1,1,12,30,0,0,0,1,0,1,1,2,0,1,0,0,17,0,1,0,0,0,0,0,0,0,0,0,0,0,0,0,0,0,0,0
208,31398,4,2,16,70,0,0,0,0,0,1,1,2,2,0,0,0,22,1,1,0,1,1,0,0,0,0,0,0,0,0,0,0,0,0,0,0
209,184528,10,3,20,70,0,0,0,0,1,0,1,3,3,0,1,2,17,1,1,0,0,0,0,0,0,0,0,0,1,0,0,0,0,0,0,0
212,88975,1,1,13,30,0,0,0,0,0,1,0,2,2,0,0,0,6,1,1,0,0,0,0,0,0,1,0,0,0,0,0,0,0,0,0,0
213,242705,5,3,52,70,0,0,0,1,1,0,0,2,2,0,0,1,18,1,0,1,0,0,0,0,0,0,0,1,0,0,0,0,0,0,0,0
214,3321,5,1,12,70,0,0,0,0,0,1,0,2,1,0,0,0,15,0,0,0,1,1,0,0,0,0,0,0,1,0,0,0,0,0,0,1
215,10372,4,2,16,65,0,0,0,0,1,0,0,3,2,0,0,1,17,1,1,1,0,0,0,0,0,0,0,0,0,0,0,0,0,0,0,0
217,107687,3,1,12,70,0,0,0,1,1,0,0,1,2,0,0,0,25,0,0,0,1,1,0,0,1,0,0,0,0,0,0,0,0,1,0,0
218,191884,6,4,14,70,0,0,0,1,0,1,1,1,1,0,0,0,14,1,1,1,0,0,0,0,0,0,0,0,0,0,0,0,1,0,0,0
220,47238,3,1,16,70,0,0,0,0,0,1,0,1,4,0,0,0,20,0,1,0,1,1,0,0,0,0,0,0,0,0,0,0,0,0,0,0
221,46233,1,1,16,70,0,0,0,1,0,1,1,2,2,0,0,0,16,1,1,0,0,0,0,0,0,0,0,0,0,0,0,0,0,0,0,0
222,49699,6,2,16,70,0,1,0,0,1,2,0,2,2,0,1,0,20,1,1,0,0,0,0,1,0,0,0,0,1,0,0,0,0,0,0,0
223,131725,8,3,16,80,0,1,0,1,0,1,1,2,1,1,0,0,13,1,1,1,0,0,0,0,0,0,0,0,0,0,0,0,0,0,0,0
225,34514,1,3,16,70,0,1,0,0,1,0,0,2,1,1,0,1,24,1,1,1,1,0,0,0,0,0,0,0,0,0,0,0,0,0,0,0
226,5389,1,1,12,80,0,1,0,0,0,1,0,1,2,0,0,0,32,0,1,0,1,1,0,0,0,0,0,0,0,0,0,0,0,0,0,0
227,208,1,1,8,25,0,1,0,0,0,0,1,2,1,0,1,0,22,0,0,0,1,1,0,0,0,0,0,0,0,1,0,0,0,0,0,1
228,40959,1,1,12,20,0,1,0,0,0,2,0,0,1,0,1,0,16,1,0,0,1,0,0,0,0,1,0,0,0,1,0,0,0,0,0,0
229,55473,5,1,16,20,0,1,0,1,0,2,0,1,1,0,0,2,11,1,1,0,0,1,0,1,0,0,0,0,0,0,0,0,0,0,0,0
230,96414,5,1,8,44,0,1,0,0,0,0,1,1,2,0,1,1,18,0,1,0,0,0,0,1,0,0,0,0,0,1,0,0,1,0,0,0
232,76530,5,2,16,70,0,1,0,0,0,1,1,2,2,0,0,1,23,1,1,0,1,1,0,0,0,0,0,0,0,0,0,0,0,0,0,0
233,111674,4,2,16,75,0,1,0,1,0,1,0,2,2,0,1,1,22,0,1,0,1,0,0,0,0,0,0,0,0,0,1,0,0,1,0,0
234,19235,3,1,16,24,0,1,0,0,0,1,0,4,0,0,0,1,6,1,1,0,0,0,0,0,0,1,0,0,0,0,0,0,0,0,0,0
235,21669,1,3,16,70,0,1,0,0,1,0,0,2,2,0,1,0,22,0,1,1,0,0,0,0,0,0,0,0,0,0,0,0,0,0,0,0
237,46229,3,1,6,52,0,1,0,0,0,0,1,1,2,0,0,1,16,1,1,0,0,0,0,0,0,0,0,0,0,0,0,0,0,0,0,1
239,73252,3,4,12,35,0,1,0,0,0,0,1,4,2,0,0,1,8,1,0,1,0,0,0,0,0,1,0,0,0,0,0,0,0,0,0,1
241,23862,6,4,16,60,0,1,0,0,0,1,1,2,1,0,0,0,22,1,1,1,0,0,0,0,0,0,1,0,0,0,0,0,0,0,0,0
242,8008,9,1,12,63,0,1,0,0,1,1,1,2,0,0,0,1,9,1,1,0,0,0,0,0,0,1,0,0,0,0,0,0,0,0,0,0
243,36516,3,3,16,70,0,1,0,1,0,1,1,3,3,1,0,0,25,1,1,0,0,0,0,0,0,0,0,0,0,0,0,0,0,0,0,0
245,39450,4,2,16,75,1,0,0,0,1,0,1,5,1,1,2,0,15,0,1,1,0,0,0,0,0,0,0,0,0,0,0,0,0,0,0,1
246,72999,7,6,16,70,1,0,0,0,0,1,1,3,2,0,0,1,15,1,0,1,0,0,0,1,0,0,0,0,0,0,0,0,0,0,0,0
247,33453,6,2,13,35,1,0,0,0,0,1,1,1,1,0,0,0,20,1,1,1,0,0,0,0,0,0,0,0,0,0,0,0,0,0,0,0
248,29737,2,1,10,52,1,0,0,0,0,0,1,2,1,1,1,0,9,0,1,0,0,0,0,0,0,0,0,0,0,0,0,0,0,0,0,0
249,164893,4,2,16,65,1,0,0,0,0,2,0,3,2,0,0,1,17,1,1,1,0,0,0,1,0,0,0,0,0,0,0,0,0,0,0,0
250,227400,6,6,16,70,1,0,0,1,0,1,1,0,3,0,0,0,20,0,1,0,1,1,0,0,0,0,0,0,0,0,0,0,0,0,0,0
251,49776,3,4,12,70,1,0,0,0,1,1,0,2,2,1,0,2,11,1,1,1,0,0,0,0,0,0,0,0,0,0,0,0,0,0,0,1
252,77299,3,2,12,70,1,0,0,0,1,0,0,2,2,1,0,0,12,1,1,0,0,0,0,0,0,1,0,0,0,0,0,0,0,0,0,0
253,9747,4,3,20,65,1,0,0,1,0,2,0,2,1,0,0,1,23,1,1,0,0,0,0,0,0,0,0,0,1,0,0,0,0,0,0,0
254,3877,1,4,12,60,1,0,0,1,0,2,0,1,1,0,0,0,20,0,0,0,0,1,0,0,1,0,0,0,0,0,0,0,0,0,0,1
255,70202,10,1,16,75,1,0,0,1,0,1,0,2,2,0,0,0,26,0,0,0,1,1,0,0,1,0,0,0,0,0,0,0,0,1,0,0
256,12534,3,1,16,70,1,0,0,0,1,0,0,1,1,0,0,2,21,0,0,1,1,1,0,1,0,0,0,0,0,0,0,0,0,0,0,0
257,49432,5,2,16,65,1,0,0,0,0,1,1,2,2,0,0,0,17,0,1,0,1,0,0,0,0,0,0,0,0,0,1,0,0,1,0,0
259,225443,2,3,16,65,1,0,0,1,1,0,0,2,2,0,0,0,12,0,1,0,0,1,0,0,1,0,0,0,0,0,0,0,0,1,0,0
260,240560,1,1,10,35,1,0,0,1,0,1,1,3,1,0,0,1,12,1,1,1,0,0,0,0,0,0,0,0,0,1,0,0,0,0,0,0
261,73876,2,1,10,30,1,0,0,0,0,1,0,3,2,0,0,4,13,1,1,0,0,0,0,0,0,1,0,0,0,0,0,0,0,0,0,1
262,56571,6,1,10,25,1,0,0,0,0,0,1,2,1,0,0,1,9,1,0,1,0,0,0,1,0,0,0,0,0,0,0,0,0,0,0,0
263,5457,1,2,16,80,1,0,0,0,1,0,1,2,1,0,0,2,15,1,0,1,0,0,0,1,0,0,0,0,0,0,0,0,0,0,0,0
264,208380,6,2,12,65,1,0,0,0,0,1,1,2,0,0,0,0,44,0,1,0,0,0,0,0,0,0,0,0,0,0,0,0,0,0,0,0
265,20390,1,4,12,60,1,0,0,1,0,1,0,2,1,0,0,0,46,1,1,0,0,0,0,0,0,0,0,1,0,0,0,0,0,0,0,1
266,35150,2,4,50,70,1,0,0,1,1,0,0,2,4,0,0,0,35,1,1,1,0,1,0,0,0,0,0,0,0,0,0,0,0,0,0,0
267,56701,6,3,6,57,1,0,0,0,0,0,1,2,1,0,1,0,22,1,1,0,0,0,0,0,0,1,0,0,0,0,0,0,0,0,0,0
268,60100,6,2,20,75,1,0,0,0,0,1,0,2,2,0,0,1,22,0,0,0,1,1,0,0,0,0,0,0,0,0,0,0,1,0,0,1
269,58444,1,1,15,20,0,0,1,1,0,2,0,3,3,0,1,2,17,1,1,1,0,0,0,0,0,0,0,0,0,0,0,0,0,0,0,0
270,18337,1,1,10,30,0,0,1,0,1,0,0,1,1,0,0,1,36,1,1,0,0,0,0,1,0,0,0,0,0,0,0,0,0,0,0,0
271,57516,3,1,12,60,0,0,1,1,0,1,0,2,2,1,0,0,32,0,0,0,1,1,0,1,0,0,0,0,0,0,0,1,0,0,0,0
272,225341,7,4,20,85,0,0,1,1,0,1,1,2,1,0,0,1,18,0,1,1,0,0,0,0,0,0,0,0,0,0,1,0,0,1,0,0
275,3524,3,1,16,70,0,0,1,0,1,0,1,2,2,0,1,2,22,1,1,1,0,0,0,1,0,0,0,0,0,0,0,0,0,0,0,0
276,9050,2,2,16,70,0,0,1,0,0,1,1,2,1,1,0,1,17,0,0,0,1,1,0,0,1,0,0,0,0,0,0,0,0,0,0,1
278,18159,6,4,20,65,0,0,1,0,1,2,0,2,2,0,1,0,23,1,0,0,0,0,0,0,1,0,0,0,1,0,0,1,0,0,0,0
279,96180,1,1,8,60,0,0,1,0,1,0,0,1,5,0,1,0,22,1,1,0,0,0,0,0,0,0,0,0,0,0,0,0,0,0,0,0
280,12689,9,4,12,75,0,0,1,0,0,1,0,2,1,1,0,0,26,0,0,0,1,1,0,0,1,0,0,0,0,0,0,0,0,0,0,1
281,47960,3,3,16,70,0,0,1,1,0,1,1,3,3,1,0,0,25,1,1,0,1,0,0,0,0,0,0,0,0,0,0,0,0,0,0,0
282,41202,4,1,16,65,0,0,1,0,0,1,1,3,2,0,0,1,18,1,1,1,0,0,0,0,0,0,1,0,0,0,0,0,0,0,0,0
283,34431,1,1,24,20,0,0,1,1,0,1,1,2,1,0,0,1,13,1,1,1,0,0,0,0,0,1,0,0,0,0,0,0,0,0,0,0
284,36935,5,5,17,33,0,0,1,0,0,1,1,3,3,1,0,0,14,1,1,0,0,0,0,0,0,1,0,0,0,0,0,0,0,0,0,0
285,173258,5,3,10,52,0,0,1,0,0,0,1,4,2,0,0,1,18,0,1,0,0,0,0,0,1,0,0,0,0,0,0,0,0,0,0,1
286,36274,6,1,16,70,0,0,1,0,0,1,1,2,2,0,2,2,19,1,1,0,0,0,0,0,0,0,0,0,0,0,0,0,0,0,0,1
287,233635,5,2,20,75,0,0,1,1,0,1,0,1,1,0,0,0,14,1,0,1,0,0,0,1,0,0,0,0,1,0,0,0,0,0,0,0
290,6735,3,3,16,65,0,0,1,0,1,0,0,2,2,0,0,1,15,1,0,1,1,1,0,0,0,0,0,0,0,0,0,0,0,0,0,0
291,65995,6,3,16,70,0,0,0,0,0,1,0,2,2,0,0,0,20,0,0,0,1,1,0,1,0,0,0,0,0,0,0,0,0,1,0,0
292,92437,1,2,16,70,0,0,0,1,0,1,1,2,2,0,0,1,32,0,1,0,1,0,0,0,1,0,0,0,0,1,0,0,0,0,0,0
293,3907,5,1,16,62,0,0,0,1,0,1,0,2,2,0,0,0,20,0,1,0,1,0,0,0,0,0,0,0,0,0,0,0,0,0,0,0
294,70453,8,1,8,63,0,0,0,0,0,3,0,3,3,0,1,2,12,1,1,1,0,0,0,0,0,1,0,0,0,0,0,0,0,0,0,0
295,15561,2,1,10,60,0,0,0,0,1,1,0,1,2,0,0,2,16,1,1,1,0,0,0,0,0,0,0,0,0,0,0,0,0,0,0,1
296,104638,3,3,8,65,0,0,0,0,0,1,0,1,4,0,0,0,20,1,1,1,0,0,0,0,0,0,0,0,0,0,0,0,0,0,0,0
297,20366,6,1,20,65,0,0,0,1,1,0,0,4,1,0,0,0,16,1,0,1,1,0,0,0,0,0,0,0,0,0,1,0,0,0,0,0
298,8702,6,1,16,70,0,0,0,0,1,0,0,2,2,1,1,1,22,0,1,0,0,1,0,0,1,0,0,0,0,0,0,0,0,0,0,1
300,7651,5,1,16,70,0,0,0,0,1,0,1,2,1,0,0,1,25,1,0,1,1,0,0,0,1,0,0,0,0,0,0,0,0,0,0,0
301,127793,5,4,16,85,0,0,0,1,0,1,1,2,2,0,0,1,14,1,0,1,0,0,0,0,0,1,1,0,0,0,0,0,0,0,0,0
302,25494,1,1,10,60,0,0,0,1,0,1,0,3,2,1,0,1,20,0,0,0,1,1,0,0,0,0,0,0,0,0,0,0,0,0,0,1
303,180098,3,2,16,75,0,0,0,0,0,1,1,3,2,0,0,1,15,1,0,0,1,1,0,0,0,0,0,0,0,0,0,0,0,1,0,0
304,21432,2,3,16,63,0,0,0,0,1,0,1,2,1,0,0,0,12,1,0,1,0,0,0,0,0,0,0,0,0,0,0,0,0,0,0,1
305,150029,3,3,16,70,0,0,0,0,0,1,0,2,1,0,0,0,26,1,0,0,0,1,0,1,0,0,0,0,0,0,0,0,0,0,0,1
306,5656,7,2,16,70,0,0,0,0,0,1,0,1,2,0,0,0,25,0,1,0,0,1,0,0,0,0,0,0,0,0,0,0,1,0,0,0
307,22913,3,1,16,68,0,0,0,1,0,2,0,3,3,0,0,0,12,1,1,1,0,0,0,0,0,0,0,0,0,0,0,0,0,0,0,0
308,57498,1,1,6,51,0,0,0,0,0,0,1,1,1,0,0,0,14,0,0,1,1,0,0,0,0,0,0,0,0,1,0,0,0,0,0,1
309,6084,1,1,24,30,0,0,0,0,1,0,0,1,1,0,0,0,18,0,0,1,1,1,0,1,0,0,0,0,0,0,0,0,0,0,0,0
310,97673,3,1,16,70,0,0,0,0,0,1,0,2,1,0,0,0,16,1,1,0,0,0,0,1,0,0,0,0,0,0,0,0,0,0,0,0
313,48555,10,5,16,75,0,0,0,0,0,1,1,2,1,0,0,0,13,1,1,0,0,0,0,0,0,1,0,0,0,0,0,0,0,0,0,0
314,169366,3,3,16,69,0,0,0,1,0,1,0,2,4,0,1,0,28,1,0,0,0,1,0,0,0,0,0,0,0,0,0,0,0,0,0,0
315,52000,4,3,30,21,0,0,0,1,0,2,0,2,1,0,0,2,4,1,1,1,0,0,0,0,0,1,0,0,0,0,0,0,0,0,0,0
316,52827,3,2,16,65,0,1,0,0,1,0,0,2,2,1,1,0,19,1,1,0,0,0,0,0,0,0,0,0,0,0,0,0,0,0,0,1
317,23450,6,2,12,70,0,1,0,1,0,1,0,4,2,0,1,1,16,0,0,0,1,1,0,0,0,0,0,0,0,1,0,0,0,0,0,0
318,138835,5,1,16,70,0,1,0,1,1,0,0,2,2,0,0,1,18,1,0,0,1,0,0,1,0,0,0,0,0,0,0,0,0,0,0,1
319,12738,3,2,32,35,0,1,0,0,1,0,0,2,2,0,0,0,25,1,1,0,0,0,0,0,0,0,0,0,0,0,0,0,0,0,0,0
320,79228,5,4,16,62,0,1,0,1,0,1,1,3,3,1,0,0,20,0,1,0,1,1,0,0,0,0,0,0,0,0,1,0,0,0,0,0
321,1489,3,2,10,60,0,1,0,0,0,1,0,2,1,0,0,1,24,1,1,0,0,0,0,0,0,1,0,0,0,0,0,0,1,0,0,0
322,107019,1,2,10,30,0,1,0,1,0,1,0,2,4,1,1,1,20,1,0,1,0,0,0,0,0,0,0,0,0,0,0,0,0,0,0,1
323,59740,7,1,16,70,0,1,0,0,0,1,0,2,2,0,0,0,18,1,0,0,0,1,0,0,0,0,0,0,0,0,0,0,0,1,0,0
324,7157,3,1,8,60,0,1,0,0,1,0,0,0,3,0,0,0,22,1,0,1,1,1,0,0,0,0,0,0,0,0,0,0,0,0,0,0
326,157963,3,2,12,60,0,1,0,1,0,1,0,1,2,0,0,0,26,0,0,0,1,1,0,0,0,0,0,0,0,0,0,0,0,0,0,1
327,114040,10,1,17,70,0,1,0,1,0,1,0,2,3,1,0,0,31,0,1,0,1,0,0,0,0,0,0,0,0,0,0,0,0,0,0,0
328,26705,2,2,16,70,0,1,0,0,0,1,1,4,2,0,0,0,20,1,1,1,0,0,0,0,0,0,0,0,0,0,0,0,0,0,0,0
329,47708,3,2,32,35,0,1,0,0,1,0,0,2,3,0,0,0,23,1,1,1,0,0,0,1,0,0,0,0,0,0,0,0,0,0,0,0
330,28206,5,4,16,70,0,1,0,0,0,1,0,4,1,0,0,0,27,0,1,0,1,1,0,0,1,0,0,0,0,0,0,0,0,0,0,0
331,11902,2,1,32,35,0,1,0,0,1,0,0,3,2,0,0,1,31,1,1,1,0,0,0,0,0,0,0,0,0,0,0,1,0,0,0,0
333,161476,5,2,16,75,0,1,0,1,0,1,1,2,1,0,0,0,20,1,1,1,0,0,0,0,0,0,0,0,0,0,0,0,1,0,0,0
334,62949,4,3,16,70,0,1,0,1,1,0,1,3,3,1,1,1,22,1,0,1,0,0,0,0,1,0,1,0,0,0,0,0,0,0,0,0
335,15476,4,2,16,75,0,1,0,0,0,1,0,3,3,1,0,0,23,0,1,0,0,0,0,0,0,0,0,0,0,0,0,0,0,0,0,0
336,4029,2,1,12,65,1,0,0,0,0,2,0,2,1,0,0,0,18,1,1,1,0,0,0,0,0,0,0,0,0,0,0,0,0,0,0,1
337,14950,5,1,32,35,1,0,0,0,1,0,1,2,2,0,0,1,22,1,1,1,0,0,0,0,0,0,0,0,0,0,0,0,0,0,0,0
338,40782,1,2,12,70,1,0,0,1,0,1,0,4,1,1,0,0,27,0,1,1,1,0,0,0,1,0,0,0,0,0,0,0,0,0,0,0
339,44537,7,1,24,35,1,0,0,0,1,0,0,2,1,0,0,0,31,0,1,1,0,0,0,0,0,0,1,0,0,0,0,0,0,0,0,0
340,12584,4,2,12,68,1,0,0,0,0,1,1,2,1,0,0,1,26,0,1,1,1,0,0,1,0,0,0,0,0,0,0,0,0,0,0,0
341,8812,6,1,21,62,1,0,0,1,0,1,0,3,1,0,0,0,23,1,1,0,0,0,0,0,0,0,0,0,1,1,0,0,0,0,0,0
342,167694,8,3,16,65,1,0,0,0,0,1,0,3,1,0,0,1,16,1,1,1,0,0,0,0,0,0,0,0,0,0,0,0,0,0,1,0
343,3366,4,2,32,35,1,0,0,0,1,0,0,2,2,0,0,0,18,1,1,1,0,0,0,0,0,0,0,0,0,0,0,0,0,0,1,0
345,104449,5,2,10,55,1,0,0,0,0,0,1,2,2,0,1,0,12,0,1,0,0,0,0,0,0,1,0,0,0,0,0,0,1,1,0,0
346,35413,6,1,16,65,1,0,0,0,1,0,0,3,3,0,1,1,25,0,0,1,1,0,0,0,1,0,0,0,0,0,0,0,0,1,0,0
348,24102,4,1,32,35,1,0,0,0,1,0,0,2,1,0,0,0,19,1,0,0,1,0,0,1,0,0,0,0,0,0,0,0,0,0,0,0
349,93154,8,6,16,70,1,0,0,1,1,0,1,4,2,0,0,0,14,1,1,0,1,0,0,0,0,0,0,0,0,0,0,0,0,0,0,1
350,11964,5,1,8,35,1,0,0,0,1,0,0,2,1,0,0,1,12,1,1,1,1,0,0,0,0,0,0,0,0,0,0,0,0,0,0,0
352,10010,6,1,16,65,1,0,0,1,0,1,1,5,1,0,0,0,23,0,0,0,0,1,0,0,1,0,0,0,0,0,0,0,0,1,0,1
353,4342,4,1,16,65,1,0,0,1,0,1,0,1,1,0,0,1,19,1,0,1,0,0,0,0,0,0,0,0,0,0,0,0,0,0,0,1
354,145823,3,3,16,80,1,0,0,1,0,1,0,1,2,0,0,1,18,1,1,0,0,1,0,0,0,0,0,0,0,0,0,0,0,0,0,0
355,55708,3,2,24,35,1,0,0,0,1,0,0,3,2,0,0,1,13,1,1,1,0,0,0,1,0,0,0,0,0,0,0,0,0,0,0,0
356,14237,2,1,24,35,1,0,0,0,1,0,0,1,2,0,1,0,28,0,1,0,1,1,0,1,0,0,0,0,0,0,0,0,0,0,0,0
357,47219,6,2,12,71,1,0,0,0,0,1,0,2,1,0,0,0,13,1,1,0,0,0,0,0,0,0,0,0,0,0,0,0,0,0,0,0
358,38028,5,4,32,35,1,0,0,0,1,0,0,1,1,0,1,0,24,1,1,0,0,0,0,0,0,0,0,0,0,0,0,0,0,0,0,0
361,21002,3,1,16,65,1,0,0,0,0,1,0,2,1,0,2,0,28,0,0,0,1,1,0,0,1,0,0,0,0,1,0,0,0,0,0,0
362,10266,4,1,16,70,1,0,0,0,1,0,0,3,1,0,2,0,13,1,1,0,1,1,0,0,0,0,0,0,0,0,0,0,0,0,0,0
363,21092,2,1,16,60,0,0,1,0,0,2,0,1,1,0,0,0,20,1,1,0,0,0,0,0,0,0,0,0,0,0,0,0,0,0,0,0
364,45601,8,2,16,70,0,0,1,1,0,1,1,2,2,1,1,0,16,1,1,0,0,0,0,0,0,0,0,1,0,1,0,0,0,0,0,0
365,114570,3,2,16,70,0,0,1,1,1,0,1,1,1,0,0,0,24,1,0,1,1,0,0,0,0,0,0,0,0,0,1,0,0,0,0,0
367,102427,6,6,12,55,0,0,1,0,0,0,1,1,1,0,0,0,16,1,1,0,0,0,0,0,0,0,0,0,0,0,0,0,0,0,0,1
368,6336,2,1,16,60,0,0,1,1,0,1,0,1,2,0,1,1,26,0,0,0,1,1,0,0,0,0,0,0,0,0,0,0,0,0,0,0
370,47257,1,1,32,31,0,0,1,0,1,0,0,2,2,0,0,0,16,1,0,0,0,0,0,0,0,0,1,0,0,0,0,0,1,0,1,0
371,2128,6,1,32,30,0,0,1,0,1,0,0,2,1,0,0,1,23,0,0,0,1,1,0,0,0,0,0,0,0,1,0,0,1,0,0,0
372,12914,1,1,5,42,0,0,1,1,0,2,0,1,1,0,1,1,22,1,1,0,0,0,0,1,0,0,0,0,0,0,0,0,0,0,0,1
373,211848,8,1,16,70,0,0,1,0,0,1,0,2,1,1,1,0,23,0,1,0,1,0,0,0,0,0,1,0,0,0,0,1,0,0,0,0
374,179320,7,4,16,70,0,0,1,0,1,0,0,2,2,0,0,0,13,1,1,0,0,0,0,0,0,0,0,0,0,0,0,0,0,0,1,0
375,236056,6,1,16,63,0,0,1,1,0,2,0,2,1,0,1,0,27,1,1,1,0,0,0,0,0,0,1,0,0,0,0,0,0,0,0,0
376,84352,1,1,16,75,0,0,1,0,0,1,0,2,2,0,0,0,19,0,1,1,0,0,0,0,0,0,0,0,0,0,0,0,0,0,0,0
377,12365,6,4,16,65,0,0,1,0,0,1,0,4,2,1,0,0,24,0,1,0,1,0,0,0,0,0,0,0,0,0,1,0,0,0,0,0
378,31792,10,1,16,70,0,0,1,1,0,2,0,3,2,0,0,0,20,1,0,0,0,0,0,1,0,0,0,0,1,0,0,1,0,0,0,0
380,122230,5,1,16,62,0,0,1,1,1,0,0,3,1,0,1,0,30,1,1,0,0,0,0,0,0,0,0,0,0,0,0,0,0,0,0,1
381,1929,5,4,32,35,0,0,1,0,1,0,0,3,2,0,0,0,29,0,1,0,1,1,0,0,0,0,0,0,0,0,0,0,0,0,0,0
383,5535,6,1,32,30,0,0,0,0,1,0,0,3,2,0,0,0,23,1,1,1,0,0,0,0,0,0,0,0,0,0,0,0,0,0,0,0
384,63272,1,1,8,16,0,0,0,1,0,0,1,1,1,0,1,0,12,1,0,0,0,0,0,0,0,0,0,0,0,0,0,0,0,0,0,0
385,30564,5,6,16,80,0,0,0,0,0,1,0,2,1,0,1,0,21,0,0,1,1,1,0,0,0,0,0,0,0,0,0,0,0,1,0,0
386,5559,6,4,10,65,0,0,0,0,0,1,1,4,2,0,0,0,31,0,1,0,0,0,0,0,0,0,0,0,0,0,0,1,0,0,0,0
389,151665,2,2,32,30,0,0,0,0,1,0,0,2,4,1,0,1,20,1,0,0,1,0,0,0,0,0,1,0,0,0,0,0,0,0,0,0
390,10039,2,1,16,65,0,0,0,0,0,1,0,2,2,0,1,0,12,1,0,1,1,1,0,0,0,0,0,0,0,0,0,0,0,0,0,0
391,2750,8,1,16,60,0,0,0,1,0,1,0,3,2,0,1,1,23,0,0,1,1,0,0,0,1,0,0,0,0,0,0,0,0,1,0,0
392,45600,4,2,16,60,0,0,0,1,0,1,1,1,1,0,0,0,12,0,1,0,1,1,0,0,0,0,0,0,0,0,0,0,0,0,0,0
393,25146,4,2,16,80,0,0,0,1,0,1,1,2,1,0,0,0,9,1,1,0,0,0,0,0,1,0,0,0,1,0,0,0,0,0,0,0
394,116087,8,1,32,35,0,0,0,0,1,0,0,4,2,0,0,1,12,1,0,1,0,0,0,1,0,1,0,0,0,0,0,0,0,0,0,0
395,12340,4,3,32,33,0,0,0,0,1,0,0,3,1,0,1,0,27,1,0,1,0,0,0,0,1,0,0,0,1,0,0,0,0,0,0,0
397,28839,2,6,16,65,0,0,0,1,0,1,0,1,2,1,0,0,20,1,0,1,1,0,0,0,0,0,0,0,0,0,0,0,0,0,0,1
398,8022,6,1,16,65,0,0,0,0,0,1,0,2,2,0,0,1,19,0,1,1,0,0,0,0,0,0,1,0,0,0,0,0,0,0,0,0
399,29285,2,3,12,75,0,0,0,0,0,1,0,2,0,0,0,1,14,0,1,1,0,0,0,0,0,0,1,0,0,0,0,0,0,0,0,0
400,15076,7,3,16,70,0,0,0,1,1,0,1,2,1,1,0,2,25,0,0,0,1,1,0,0,1,0,0,0,0,0,0,0,0,1,0,0
401,5060,3,1,14,60,0,0,0,0,0,1,0,2,1,0,0,0,30,0,1,0,1,0,0,0,0,0,0,0,0,0,1,0,0,0,0,0
402,3103,1,1,32,30,0,0,0,0,1,0,0,2,4,0,0,0,22,1,1,0,0,0,0,0,0,0,0,0,0,0,0,1,0,0,0,0
403,41474,5,2,40,35,0,0,0,0,1,0,1,2,1,0,0,0,23,1,1,1,0,1,0,0,0,0,0,0,0,0,0,0,0,0,0,0
404,9675,4,1,16,70,0,0,0,0,0,2,0,4,2,0,0,1,16,1,1,1,0,0,0,0,0,0,0,0,1,0,0,0,0,0,0,0
405,12107,5,4,6,80,0,0,0,1,0,1,1,3,2,1,0,0,15,1,0,0,0,0,0,1,0,0,0,0,1,0,0,1,0,0,0,0
406,43652,1,4,10,60,0,1,0,1,0,1,0,2,0,0,0,1,28,0,1,0,0,1,0,0,0,0,0,0,0,0,0,0,1,0,0,1
407,47961,5,1,16,66,0,1,0,0,0,1,0,2,2,0,1,0,20,0,1,1,0,0,0,0,0,0,0,0,0,0,0,1,0,0,0,0
408,34708,6,3,8,50,0,1,0,0,0,0,1,2,1,0,1,0,22,1,1,1,0,0,0,0,0,1,0,0,0,0,0,0,0,0,0,0
409,75922,3,1,16,80,0,1,0,0,0,1,0,1,2,0,0,0,34,1,1,0,1,1,0,0,0,0,0,0,0,0,0,0,0,0,0,0
410,1596,2,1,6,70,0,1,0,0,1,0,0,2,1,0,0,1,11,0,1,0,0,0,0,0,0,1,0,0,0,0,0,0,0,0,0,1
411,130147,2,2,16,65,0,1,0,1,0,2,0,2,3,0,0,0,9,1,1,1,0,0,0,0,0,0,0,0,0,0,0,0,0,0,0,0
412,2556,1,4,32,35,0,1,0,0,1,0,0,2,2,1,0,1,16,1,0,1,1,0,0,0,0,0,0,0,0,0,0,0,0,0,0,1
413,17667,4,2,32,35,0,1,0,0,1,0,0,2,1,0,0,1,17,1,0,1,0,0,0,1,0,0,0,0,0,0,1,0,0,0,0,0
414,9490,3,2,16,75,0,1,0,0,0,1,0,2,2,0,0,0,22,0,1,1,0,0,0,1,0,0,0,0,0,0,0,0,0,0,0,1
415,43624,6,2,8,50,0,1,0,0,0,0,1,3,3,1,0,2,14,1,1,1,0,0,0,0,0,1,0,0,0,0,0,0,0,0,0,0
416,34595,4,5,16,70,0,1,0,0,0,2,0,3,1,0,1,0,14,1,1,1,0,0,0,0,0,0,0,0,0,0,0,0,0,0,0,0
418,35890,6,3,32,35,0,1,0,1,1,0,0,3,1,1,1,0,18,1,1,0,1,0,0,0,0,0,0,0,0,0,0,0,0,0,1,0
419,11143,3,2,16,70,0,1,0,0,0,1,0,3,3,0,0,1,11,0,0,0,1,1,0,0,0,1,0,0,0,0,1,0,0,0,0,0
420,90561,3,3,32,35,0,1,0,0,1,0,0,3,1,0,0,1,29,0,1,0,1,1,0,0,0,0,0,0,0,0,1,0,0,0,0,0
421,20044,3,2,40,35,0,1,0,0,1,0,1,3,1,0,1,1,20,1,1,1,0,0,0,0,0,0,0,0,1,0,0,0,0,0,0,0
422,11407,2,1,32,35,0,1,0,0,1,0,0,2,1,0,0,0,32,0,1,0,1,1,0,0,0,0,0,0,0,0,0,0,0,0,1,0
424,250423,5,5,16,80,0,1,0,1,0,1,0,1,1,0,1,1,24,1,0,1,0,0,0,1,0,0,0,0,0,0,0,0,0,0,0,1
426,31627,10,4,16,65,0,1,0,1,0,1,0,2,1,0,0,0,21,0,1,0,1,1,0,0,0,0,0,0,0,0,0,1,0,0,0,0
427,3380,10,1,16,60,0,1,0,1,0,1,0,2,2,0,0,0,33,1,1,0,0,0,0,0,0,0,0,0,0,0,0,0,0,0,0,0
428,7463,3,3,16,74,0,1,0,0,0,1,1,4,1,1,0,0,24,0,1,0,1,1,0,0,0,0,0,0,0,0,0,1,0,0,0,0
429,1026,5,4,6,81,0,1,0,1,0,1,1,2,2,0,0,0,16,1,0,0,0,0,0,1,0,0,0,0,1,0,0,1,0,0,0,0
430,2454,6,4,10,66,0,1,0,1,0,1,1,4,2,1,0,0,27,0,1,0,0,0,0,0,0,0,0,0,0,0,1,1,0,0,0,0
431,20772,3,3,16,65,0,1,0,1,0,1,0,3,2,0,0,0,19,1,0,0,0,0,0,1,0,0,0,0,1,0,0,0,0,0,0,0
432,135902,5,2,16,70,0,1,0,0,0,1,0,3,3,0,0,0,15,1,1,1,0,0,0,0,0,0,1,0,0,0,0,0,0,0,0,0
435,11385,4,4,32,35,0,1,0,0,1,0,0,3,1,1,1,1,18,0,1,0,1,0,0,0,0,0,0,0,0,0,1,0,0,0,1,0
436,37856,5,4,6,80,0,1,0,1,0,1,1,2,2,0,0,0,16,1,0,0,0,0,0,1,0,0,0,0,1,0,0,1,0,0,0,0
437,72926,3,3,16,70,1,0,0,0,0,1,0,2,2,1,0,0,18,1,1,0,0,0,0,0,0,0,0,0,0,0,0,0,0,0,0,0
438,38509,3,2,32,35,1,0,0,0,1,0,1,2,1,0,0,0,16,1,1,0,0,0,0,0,0,0,0,0,0,0,0,0,0,0,0,0
439,44266,4,2,32,35,1,0,0,0,1,0,0,2,1,0,0,2,20,1,1,1,0,0,0,1,0,0,0,0,0,0,0,0,0,0,0,0
441,10024,3,3,40,35,1,0,0,0,1,1,0,3,2,1,1,1,18,1,1,1,0,0,0,1,0,0,0,0,0,0,0,0,0,0,0,0
442,34585,8,4,16,60,1,0,0,1,0,1,0,1,0,0,0,0,21,0,0,0,1,1,0,0,0,0,0,0,0,0,0,0,1,1,0,0
443,56354,2,1,16,65,1,0,0,0,0,1,0,3,1,0,0,0,21,0,0,0,1,1,0,0,0,0,0,0,0,0,0,0,1,0,0,0
444,49735,8,1,16,60,1,0,0,0,0,1,1,0,2,0,0,0,14,1,0,1,1,0,0,1,0,0,0,0,0,0,0,0,0,0,0,0
445,13921,7,1,32,35,1,0,0,0,1,0,0,2,2,0,0,1,18,1,1,1,0,0,0,0,0,0,1,0,0,0,0,0,0,0,0,0
446,22353,6,1,40,27,1,0,0,1,1,0,0,2,2,0,0,1,18,1,0,0,0,0,0,0,1,0,0,0,1,0,0,0,0,0,1,0
447,6734,5,2,48,35,1,0,0,1,1,0,0,3,1,1,0,0,17,1,0,0,0,0,0,0,0,0,0,0,1,0,0,1,0,0,0,1
448,40579,6,2,8,50,1,0,0,0,0,0,1,3,3,1,0,2,14,1,1,1,0,0,0,0,0,1,0,0,0,0,0,0,0,0,0,0
449,70686,8,1,16,75,1,0,0,0,0,1,0,1,1,0,0,0,20,1,1,1,0,0,0,0,0,0,1,0,0,0,0,0,0,0,0,0
450,5863,4,3,12,59,1,0,0,0,1,0,0,2,2,0,0,1,14,0,1,1,0,0,0,0,0,0,1,0,0,0,0,0,0,0,0,0
451,7611,6,3,32,35,1,0,0,0,1,0,0,3,1,0,1,0,16,0,1,1,0,0,0,0,1,0,1,0,0,0,0,0,0,0,0,0
452,44679,2,2,16,60,1,0,0,1,0,2,0,2,3,1,1,0,22,1,1,0,1,1,0,0,0,0,0,0,0,0,0,0,0,0,0,0
454,4014,9,4,36,35,1,0,0,0,1,0,0,1,2,0,1,1,24,1,0,1,0,0,0,0,0,0,0,0,0,0,0,1,0,1,0,0
455,24978,5,1,32,35,1,0,0,0,1,0,0,3,1,0,0,0,39,0,1,0,0,0,0,0,0,0,1,0,0,0,0,1,0,0,0,0
456,21799,6,2,16,70,1,0,0,0,0,2,0,3,3,0,2,1,24,1,1,1,0,0,0,0,0,0,0,0,0,0,0,0,0,0,0,0
457,13335,7,1,12,60,1,0,0,1,0,1,0,1,2,0,1,1,17,0,1,0,1,1,0,0,1,0,0,0,0,0,0,0,0,0,0,0
459,8635,7,1,16,60,1,0,0,1,0,1,0,2,2,0,0,1,19,0,1,0,1,1,0,0,0,0,0,0,0,0,1,0,0,0,0,0
460,16743,4,2,32,35,1,0,0,0,1,0,0,3,1,0,0,2,23,0,0,0,0,1,0,0,0,0,0,0,0,0,1,0,0,1,1,0
461,27899,6,2,16,64,1,0,0,0,0,1,0,2,2,0,0,1,14,1,0,0,1,1,0,0,0,0,0,0,0,1,0,0,0,0,0,0
462,930,5,3,32,35,1,0,0,0,1,0,0,1,3,0,0,0,21,1,1,0,1,1,0,0,0,0,0,0,0,0,0,0,0,0,0,0
463,16789,4,1,16,65,1,0,0,0,0,1,1,1,1,0,0,0,10,1,0,1,0,0,0,0,0,0,0,0,0,1,0,0,0,0,0,1
464,17634,2,3,40,30,0,0,1,1,1,0,0,2,2,0,0,1,29,1,1,0,0,0,0,0,0,0,0,0,0,0,0,0,0,0,0,0
465,95080,4,4,40,35,0,0,1,1,1,0,0,3,2,1,0,0,13,0,0,1,1,0,0,0,1,0,0,0,0,0,0,0,0,1,0,0
466,29212,3,1,18,18,0,0,1,0,0,1,1,2,2,0,1,1,21,1,1,0,0,0,0,0,0,0,0,0,0,1,0,0,0,0,0,0
467,37278,5,6,12,60,0,0,1,0,0,2,0,1,2,0,0,0,24,1,1,0,0,0,0,0,0,0,0,0,0,0,0,0,0,0,0,0
469,6907,3,3,48,30,0,0,1,0,1,0,0,5,1,1,0,0,20,0,0,0,0,0,0,0,1,0,0,0,1,0,0,1,0,0,0,1
470,8404,1,4,12,60,0,0,1,0,0,1,0,1,1,0,0,0,34,0,1,1,0,0,0,0,0,0,0,0,0,0,0,0,0,0,0,0
471,14984,9,2,16,65,0,0,1,1,0,2,0,3,2,1,0,1,27,0,0,1,1,0,0,0,0,0,1,0,0,0,1,0,0,0,0,0
472,44620,7,6,16,70,0,0,1,0,0,1,0,2,2,0,0,0,27,1,1,1,0,0,0,0,0,0,0,0,0,0,1,0,0,0,0,0
473,29642,5,1,16,60,0,0,1,1,0,2,0,1,1,0,0,0,26,1,0,0,1,0,0,0,0,0,1,0,0,0,1,0,0,0,0,0
474,43285,6,5,16,62,0,0,1,1,0,1,1,2,2,0,0,0,12,1,0,1,0,0,0,0,0,0,1,0,0,0,0,0,0,0,0,0
476,10162,8,2,32,35,0,0,1,0,1,0,0,2,2,0,0,0,22,0,1,1,0,0,0,1,0,0,1,0,0,0,0,0,0,0,0,0
478,3801,4,4,40,30,0,0,1,0,1,0,0,2,2,0,0,0,30,1,1,1,0,0,0,0,0,0,0,0,0,0,0,0,0,0,0,0
479,25855,7,3,16,80,0,0,1,0,0,1,0,2,1,0,2,0,26,1,0,0,0,0,0,0,0,0,0,0,1,0,0,1,0,0,0,0
480,5928,3,2,40,35,0,0,1,0,1,0,0,1,1,0,0,0,17,0,1,1,1,0,0,0,0,0,0,0,0,0,1,0,0,0,0,0
482,12036,3,1,12,65,0,0,1,0,0,3,0,2,1,0,0,1,24,1,0,1,0,0,0,0,0,0,1,0,0,0,0,0,0,0,0,1
483,64627,1,1,6,18,0,0,1,0,1,0,0,1,1,0,0,1,15,1,1,0,0,0,0,1,0,0,0,0,0,0,0,0,0,0,1,0
484,29887,4,1,32,35,0,0,1,0,1,0,0,2,1,0,1,0,27,1,0,1,1,0,0,0,0,1,0,0,0,0,0,0,0,0,0,0
485,53724,1,2,10,35,0,0,1,1,0,0,1,1,1,0,0,1,30,0,0,1,0,0,0,0,0,0,0,1,0,0,0,0,0,0,0,1
486,6874,5,1,16,30,0,0,1,0,1,0,0,1,1,0,0,0,14,1,1,0,0,0,0,0,0,0,0,0,0,0,0,0,0,0,0,1
487,30933,5,2,32,35,0,0,1,0,1,0,0,3,1,1,0,0,13,0,1,0,1,1,0,0,0,0,0,0,0,0,0,0,1,0,0,0
488,19204,2,3,12,55,0,0,1,1,0,2,0,1,2,0,1,1,9,1,0,1,0,0,0,1,0,0,0,0,0,0,0,0,0,0,0,0
489,49434,10,4,16,70,0,0,1,1,0,1,1,1,1,0,0,0,20,1,0,0,0,1,0,0,1,0,0,0,0,0,0,0,0,0,0,1
490,7252,5,2,40,30,0,0,1,1,1,1,0,2,2,0,0,0,30,1,1,0,0,0,0,0,0,0,0,0,0,0,0,0,0,0,0,0
491,193697,5,4,16,69,0,0,0,0,0,1,0,1,1,0,0,0,17,1,1,0,0,0,0,0,0,0,1,0,0,0,0,1,0,0,0,0
492,21606,5,1,6,35,0,0,0,0,1,0,1,1,1,0,0,0,16,1,0,0,0,0,0,0,0,0,0,0,1,0,0,0,0,0,0,1
494,21226,2,3,16,70,0,0,0,0,0,1,0,2,1,0,1,0,23,1,1,1,0,0,0,0,0,0,1,0,0,0,0,0,0,0,0,0
495,8975,2,2,48,25,0,0,0,1,1,0,0,2,2,0,0,0,31,1,1,0,0,0,0,0,0,0,0,1,0,0,0,0,0,0,0,0
496,4311,1,2,16,60,0,0,0,1,0,1,0,2,1,0,0,0,17,1,1,0,0,1,0,0,0,0,0,0,0,0,0,0,0,0,0,1
497,116631,3,2,20,75,0,0,0,1,0,1,0,0,5,0,0,0,29,0,1,0,1,0,0,0,0,0,0,0,0,0,0,0,1,0,0,0
498,76707,6,6,52,35,0,0,0,0,1,0,0,2,3,1,0,1,23,1,0,0,1,1,0,0,1,0,0,0,0,0,0,0,0,0,0,0
499,7203,4,2,32,30,0,0,0,0,1,0,0,2,2,0,0,2,27,0,1,0,1,1,0,0,0,0,0,0,0,0,0,0,1,0,0,0
500,5281,3,2,11,80,0,0,0,0,0,1,0,2,1,0,0,0,33,1,1,1,0,0,0,0,0,0,0,0,0,0,0,0,0,0,0,0
501,2190,1,1,16,65,0,0,0,0,0,1,0,1,1,0,1,0,25,0,0,0,1,0,0,0,0,0,0,0,0,0,0,0,0,0,1,0
502,79574,4,1,32,35,0,0,0,0,1,0,0,2,1,0,0,0,17,1,1,1,0,0,0,1,0,0,0,0,0,0,0,0,0,0,0,0
503,6986,3,1,12,54,0,0,0,0,0,1,0,2,2,0,0,0,10,1,1,1,0,0,0,0,0,1,0,0,0,0,0,0,0,0,0,0
504,3544,5,1,16,63,0,0,0,0,0,1,0,2,3,0,0,1,29,1,1,1,0,0,0,1,0,0,0,0,0,0,0,0,0,0,0,0
505,90016,3,5,10,63,0,0,0,0,0,1,1,2,1,0,0,0,20,1,0,1,0,0,0,0,0,0,0,0,0,0,0,0,0,0,0,0
506,13045,1,2,16,65,0,0,0,0,0,2,0,1,1,0,0,0,16,1,0,1,0,0,0,0,0,0,1,0,0,0,0,0,0,0,0,0
507,48341,1,2,10,35,0,0,0,0,1,1,1,1,1,0,0,1,30,0,0,1,0,0,0,0,0,0,0,1,0,0,0,0,0,0,0,1
508,1285,1,1,12,55,0,0,0,0,1,0,0,2,0,0,0,1,24,1,1,0,0,0,0,1,0,0,0,0,0,0,0,0,0,0,0,0
510,101093,2,1,12,75,0,0,0,0,0,2,0,1,1,0,0,1,22,1,1,0,0,0,0,0,0,0,0,0,0,0,0,0,0,0,0,0
511,3823,2,3,16,70,0,0,0,0,1,0,0,3,2,0,0,2,20,1,0,1,0,0,0,0,0,0,0,0,0,1,0,0,0,0,0,1
512,20659,4,3,32,35,0,0,0,0,1,0,0,2,2,1,0,0,25,1,1,1,0,0,0,0,0,0,0,0,0,0,0,0,0,0,0,0
513,291,7,1,32,30,0,0,0,1,1,0,0,2,2,0,0,0,20,0,1,0,1,1,0,0,0,0,0,0,0,0,0,0,0,0,0,0
514,4919,4,2,16,65,0,0,0,1,0,1,0,1,2,0,0,0,53,0,1,0,1,0,0,1,0,0,0,0,0,0,0,0,0,0,0,0
516,8662,8,1,16,64,0,0,0,0,0,1,0,2,1,0,0,1,24,1,1,0,1,1,0,0,0,0,0,0,0,0,0,0,0,0,0,0
517,16453,3,1,32,35,0,0,0,0,1,0,0,2,3,0,0,1,21,1,1,0,0,0,0,0,0,0,0,0,0,0,0,0,0,0,0,1
518,80792,2,4,32,30,0,0,0,0,1,1,0,2,2,0,0,1,20,1,0,1,0,0,0,1,0,0,0,0,0,0,0,0,0,0,0,0
519,141306,10,2,16,70,0,0,0,0,0,1,0,2,2,0,0,0,22,1,0,1,0,0,0,0,0,0,0,0,0,1,0,0,0,0,0,0
520,49870,5,1,14,65,0,0,0,1,0,1,0,4,1,0,0,1,26,0,0,1,1,1,0,0,1,0,0,0,0,0,0,0,0,0,0,0
521,23310,3,1,10,57,0,0,0,0,0,1,0,1,1,0,0,0,22,1,1,0,0,0,0,0,0,0,0,0,0,0,0,0,0,0,0,1
522,17991,3,3,16,75,0,0,0,1,0,1,0,2,1,0,0,1,12,1,1,1,0,0,0,0,0,0,0,0,0,0,0,0,0,0,0,1
523,20193,5,3,32,35,0,0,0,0,1,0,0,2,1,1,0,0,24,0,1,0,0,0,0,0,1,0,0,0,0,0,0,0,0,0,1,0
524,33111,5,3,32,35,0,0,0,0,1,0,0,2,2,0,1,0,24,1,0,1,1,0,0,0,1,0,0,0,0,0,0,0,0,0,0,0
526,4328,9,3,16,67,0,0,0,0,0,1,0,2,1,0,0,0,16,0,0,0,1,1,0,0,0,0,0,0,0,1,0,0,0,0,0,1
527,75859,7,1,16,75,0,0,0,0,0,1,0,2,1,0,1,1,16,1,1,1,0,0,0,0,0,0,0,0,1,0,0,0,0,0,0,0
528,17923,3,3,10,68,0,0,0,0,0,1,0,2,1,1,0,0,59,0,1,1,0,0,0,0,0,0,0,0,0,0,0,0,0,0,0,0
529,12325,6,5,32,35,0,0,0,0,1,0,0,1,2,0,1,0,24,0,0,0,1,1,0,0,0,0,0,0,0,1,0,0,0,0,0,1
530,22306,4,3,16,65,0,0,0,0,0,3,0,2,0,0,0,1,19,1,1,1,0,0,0,0,0,0,0,0,0,0,0,0,0,0,0,0
533,48320,1,1,32,31,0,1,0,0,0,1,0,1,1,0,1,0,14,1,0,0,1,1,0,0,0,0,0,0,0,1,0,0,0,0,0,0
534,1974,4,1,32,35,0,1,0,0,1,0,0,2,3,0,1,2,28,1,0,1,0,0,0,0,0,0,0,0,0,1,0,0,0,0,0,1
535,34692,4,4,12,60,0,1,0,1,0,1,0,1,0,0,0,0,21,0,0,0,1,1,0,0,0,0,0,0,0,0,0,0,1,0,0,0
536,46359,6,5,16,75,0,1,0,0,0,1,0,2,2,0,0,0,20,1,1,1,0,0,0,1,0,0,0,0,0,0,0,0,0,0,0,0
537,166548,3,4,16,60,0,1,0,1,0,1,0,2,2,0,0,1,21,1,1,0,0,0,0,0,0,1,0,0,0,0,0,0,1,0,0,0
538,17630,2,2,12,60,0,1,0,0,0,2,0,2,3,0,0,1,39,1,1,1,0,0,0,1,0,0,0,0,0,0,0,0,0,0,0,0
539,57562,4,4,32,35,0,1,0,0,1,0,0,2,2,0,0,1,17,1,1,1,0,0,0,0,0,0,0,0,0,0,1,0,0,0,0,0
542,4816,3,2,32,35,0,1,0,0,1,0,0,2,2,0,0,1,28,1,0,1,0,0,0,0,0,0,0,0,0,0,0,0,0,0,1,0
543,25309,6,2,32,35,0,1,0,0,1,0,0,1,3,0,0,0,18,1,0,1,1,0,0,0,0,0,0,0,0,0,0,0,0,0,0,1
545,56524,5,1,14,63,0,1,0,0,0,1,0,1,1,0,0,1,24,1,1,1,0,0,0,0,0,0,0,0,0,0,0,0,0,0,0,1
546,7830,2,1,40,35,0,1,0,1,1,0,0,2,1,0,0,1,20,1,0,0,1,0,0,0,0,0,0,0,0,0,0,0,1,0,0,0
547,234898,5,6,24,80,0,1,0,1,0,1,1,3,2,1,1,0,18,1,0,0,0,0,0,0,0,0,0,0,1,0,0,0,0,0,0,1
548,1689,3,1,32,30,0,1,0,0,1,0,0,2,4,0,0,1,18,1,1,1,0,0,0,0,0,0,0,0,0,0,0,0,0,0,0,0
550,41050,6,4,16,65,0,1,0,1,0,1,0,4,1,1,1,0,22,0,0,1,1,0,0,0,1,0,0,0,0,0,0,0,1,0,0,0
551,153196,7,6,16,69,0,1,0,0,0,1,0,1,1,0,0,0,22,1,0,1,0,0,0,0,0,0,1,0,0,0,0,0,0,0,0,0
552,56660,5,1,36,35,0,1,0,0,1,0,0,3,3,0,0,0,22,1,0,1,0,0,0,1,0,0,0,0,0,0,0,0,0,0,0,1
554,7618,2,1,40,30,1,0,0,1,1,0,0,2,2,0,0,1,23,1,1,0,0,0,0,0,0,0,0,0,0,0,0,0,0,0,0,0
555,62902,2,2,16,80,1,0,0,1,0,1,0,1,1,0,0,1,18,0,0,0,1,1,0,0,1,0,0,0,0,1,0,0,0,0,0,0
556,5765,4,3,32,35,1,0,0,0,1,0,0,1,1,0,0,0,28,1,1,1,0,0,0,0,0,0,0,0,0,0,0,0,0,0,0,0
557,37749,6,2,16,80,1,0,0,0,0,1,0,4,2,0,1,1,24,1,1,0,0,0,0,0,0,0,0,0,0,0,1,0,0,0,0,0
558,27205,3,1,16,70,1,0,0,0,0,1,0,1,1,0,0,0,17,1,0,0,0,0,0,1,0,0,0,0,0,0,0,0,0,0,0,1
559,16740,4,1,32,35,1,0,0,0,1,0,0,2,1,0,0,0,20,1,0,0,1,1,0,0,0,0,0,0,0,0,0,0,0,0,0,0
560,12438,4,4,32,35,1,0,0,0,1,0,0,1,1,0,1,0,13,0,0,0,1,1,0,0,0,0,0,0,0,0,1,0,0,0,1,0
561,2821,3,1,32,30,1,0,0,1,1,0,0,2,2,0,0,0,29,0,1,0,1,1,0,0,0,0,0,0,0,0,0,0,1,0,0,0
562,18289,5,2,16,66,1,0,0,1,0,1,0,2,2,1,0,0,17,1,0,0,0,1,0,0,1,0,0,0,0,0,1,0,0,0,0,0
563,9589,4,1,16,65,1,0,0,0,0,2,0,2,2,0,0,1,17,1,0,1,0,0,0,0,0,0,1,0,0,0,0,0,0,0,0,0
565,24460,4,2,38,35,1,0,0,0,1,0,0,2,1,0,0,1,25,1,1,1,0,0,0,0,0,0,0,0,0,0,0,0,0,0,0,1
566,2322,2,1,12,60,1,0,0,1,0,1,0,0,4,0,0,0,12,1,1,0,1,1,0,0,0,0,0,0,0,0,0,0,0,0,0,0
567,7308,4,2,16,60,1,0,0,0,1,0,0,3,3,0,0,2,20,0,1,0,0,0,0,0,1,0,1,0,0,0,1,0,0,0,0,0
568,3956,7,6,18,60,1,0,0,0,1,0,0,1,2,0,0,0,27,1,0,1,0,0,0,1,0,0,0,0,0,0,0,0,0,0,0,0
569,81016,3,2,16,75,1,0,0,1,0,1,1,1,1,0,0,0,14,1,1,0,0,0,0,0,0,0,0,0,0,0,0,0,0,0,0,0
570,1059,6,1,32,35,1,0,0,0,1,0,0,2,1,0,1,0,26,0,0,1,1,1,0,0,0,0,0,0,0,0,1,0,0,0,0,0
571,5091,3,6,16,65,1,0,0,0,0,1,0,2,1,0,0,0,18,1,1,0,0,0,0,0,0,0,0,0,0,0,0,0,0,0,1,0
573,267,4,1,32,35,1,0,0,0,1,0,0,2,2,0,0,0,26,1,1,0,0,0,0,0,0,0,0,1,0,0,0,0,0,0,0,0
574,109291,8,3,16,77,1,0,0,0,0,1,0,1,1,0,0,1,22,0,1,0,0,0,0,0,0,0,0,0,0,0,0,0,1,0,0,0
575,2260,2,4,50,70,1,0,0,1,1,0,0,2,2,0,0,0,27,1,0,0,0,0,0,0,0,0,0,0,0,0,0,0,0,0,1,0
576,31231,5,1,32,35,1,0,0,0,1,0,0,2,2,0,1,1,18,1,1,0,0,0,0,0,0,1,0,0,0,0,0,0,0,0,0,0
578,2054,8,2,16,50,1,0,0,0,0,1,0,0,1,0,0,0,29,1,0,1,0,0,0,1,0,0,0,0,0,0,0,0,0,0,0,0
579,3615,4,1,24,70,1,0,0,1,1,0,0,2,2,1,0,1,28,1,1,1,0,0,0,0,0,0,0,0,0,0,0,0,0,0,0,0
580,4403,1,2,40,35,1,0,0,1,1,0,0,3,1,0,0,0,25,1,1,1,0,0,0,0,0,0,0,0,0,0,0,0,0,0,0,0
581,4263,3,3,16,67,1,0,0,1,0,1,0,2,2,0,0,0,12,0,0,0,1,1,0,0,0,0,0,0,0,1,0,0,0,0,0,0
582,11494,10,2,20,70,1,0,0,1,0,2,0,2,1,0,0,0,26,1,1,0,0,0,0,0,0,0,0,0,1,0,0,1,0,0,0,0
583,1257,5,3,16,65,0,0,1,0,1,0,0,2,1,0,0,0,25,0,1,1,1,0,0,0,1,0,0,0,0,0,0,0,0,0,0,0
585,53160,4,3,40,35,0,0,1,0,1,0,0,2,2,0,0,0,23,1,1,1,0,0,0,0,0,0,0,0,0,0,0,0,0,0,0,0
586,25738,6,2,20,65,0,0,1,0,0,1,0,3,3,2,1,0,19,1,1,1,0,0,0,0,0,0,0,0,0,0,0,0,0,0,0,0
587,34084,3,2,16,70,0,0,1,1,0,1,0,1,1,0,0,0,22,1,0,0,1,1,0,0,0,0,0,0,0,0,0,0,0,0,0,0
588,8114,2,2,16,70,0,0,1,0,1,0,0,2,2,0,1,2,34,1,0,1,0,0,0,0,0,0,1,0,0,0,0,0,0,0,0,0
589,43156,5,1,16,60,0,0,1,0,0,1,0,2,1,0,0,0,24,0,0,0,1,1,0,0,0,0,0,0,0,0,0,0,0,0,1,0
590,200285,7,2,16,63,0,0,1,0,0,1,0,0,3,0,1,0,13,1,0,0,1,1,0,0,0,0,0,0,0,0,0,0,1,0,0,0
591,44365,6,2,34,35,0,0,1,0,1,0,0,4,2,1,0,0,26,0,0,0,1,1,0,0,0,0,0,0,0,0,1,0,0,0,0,0
592,3118,1,1,12,60,0,0,1,0,0,1,0,2,1,0,0,1,16,0,1,1,0,0,0,0,0,0,0,0,0,0,0,0,0,0,0,0
593,1399,7,2,10,55,0,0,1,0,0,1,0,2,1,0,0,1,15,1,0,1,1,0,0,1,0,0,0,0,0,0,0,0,0,0,0,0
594,56182,9,5,20,80,0,0,1,1,0,1,1,4,1,0,1,2,30,1,0,1,0,0,0,1,0,0,0,0,0,0,0,0,0,0,0,1
595,28881,6,4,16,65,0,0,1,1,0,1,0,5,0,1,1,0,13,0,0,0,1,0,0,0,1,0,0,0,0,0,0,1,0,1,0,0
596,41597,4,2,16,73,0,0,1,0,0,1,0,2,2,0,0,1,18,1,0,0,0,0,0,0,0,0,0,0,0,0,0,0,1,0,0,0
597,19701,3,3,20,65,0,0,1,0,1,0,0,1,3,0,1,0,21,1,1,0,0,0,0,1,0,0,0,0,0,0,0,0,0,0,0,0
598,41644,4,2,32,35,0,0,1,0,1,0,0,2,1,1,1,0,22,1,1,1,0,0,0,0,0,0,0,0,0,0,0,0,0,0,0,1
599,22469,3,3,50,30,0,0,1,0,0,1,0,2,1,1,0,0,43,0,0,1,0,0,0,0,0,0,0,0,0,0,0,0,0,0,0,1
601,9068,3,4,16,60,0,0,1,0,0,1,0,1,1,0,0,0,34,1,1,1,0,0,0,0,0,0,0,0,0,0,0,0,0,0,0,0
602,4352,9,2,16,63,0,0,1,0,1,0,0,2,2,0,0,0,15,1,1,1,0,0,0,0,0,0,1,0,0,0,0,0,0,0,0,0
604,23376,6,3,5,32,0,0,0,0,1,0,0,3,3,0,1,2,20,0,1,1,0,0,0,0,0,0,0,0,0,0,0,0,0,0,0,1
605,6149,5,1,40,30,0,0,0,0,1,0,0,1,1,0,0,0,18,1,1,0,1,1,0,0,0,0,0,0,0,0,0,0,0,0,0,0
606,7863,5,1,32,35,0,0,0,0,1,0,0,2,1,1,0,1,12,1,0,1,1,0,0,0,0,0,0,0,0,1,0,0,0,0,0,0
607,23316,5,4,16,60,0,0,0,1,0,1,0,2,2,1,0,1,18,0,1,1,1,0,0,0,0,0,0,0,0,0,0,0,0,0,0,0
608,27418,7,2,32,35,0,0,0,0,1,0,0,2,2,0,2,1,20,1,1,1,0,0,0,0,0,0,0,0,0,0,1,0,0,0,0,0
609,116573,4,4,16,92,0,0,0,0,0,1,1,2,0,0,0,0,16,0,1,1,0,0,0,0,0,0,0,0,0,0,0,0,0,1,0,0
612,41863,7,3,24,65,0,0,0,1,1,0,0,3,3,0,0,0,40,1,0,0,0,0,0,0,0,0,1,0,0,0,1,0,0,0,0,0
613,4313,10,3,10,60,0,0,0,0,0,2,1,1,1,0,0,1,18,1,0,0,1,0,0,0,0,0,0,0,0,1,0,0,1,0,0,0
614,10415,2,1,56,30,0,0,0,1,1,0,0,3,2,0,0,0,29,0,1,0,0,0,0,0,0,0,0,1,0,0,0,0,0,0,0,0
615,19890,10,3,16,70,0,0,0,1,0,1,0,2,1,0,0,1,20,1,1,1,0,0,0,0,0,0,1,0,0,0,0,0,0,0,0,0
617,56890,3,2,12,70,0,0,0,1,1,0,0,1,1,0,0,1,28,1,1,1,0,0,0,1,0,0,0,0,0,0,0,0,0,0,0,0
618,3257,4,4,12,60,0,0,0,1,0,1,0,1,1,0,0,1,18,1,1,1,0,0,0,0,0,0,0,0,0,0,0,0,0,0,0,1
619,45477,8,2,12,66,0,0,0,0,0,1,0,1,3,0,0,2,21,0,1,1,0,0,0,0,0,0,0,0,0,0,0,0,0,0,0,0
620,9420,1,6,16,60,0,0,0,0,1,0,0,4,1,0,0,0,18,0,0,0,1,1,0,0,1,0,0,0,0,0,0,0,0,0,0,0
621,9811,3,3,16,60,0,0,0,0,1,0,0,1,1,0,0,0,19,0,1,0,1,0,0,0,0,0,0,0,0,0,1,0,0,0,0,0
622,90273,7,2,16,70,0,0,0,0,0,1,0,3,3,0,0,0,19,1,1,1,0,0,0,0,0,0,0,0,0,0,0,0,0,0,0,0
623,7234,4,2,32,35,0,0,0,0,1,0,0,3,3,0,0,0,23,1,1,1,0,0,0,0,0,0,0,0,0,0,0,0,0,0,0,0
624,11269,5,4,32,30,0,0,0,0,1,0,0,3,1,0,0,1,22,1,1,0,1,0,0,1,0,0,0,0,0,0,0,0,0,0,0,0
625,28684,3,1,16,60,0,0,0,1,1,0,0,2,2,0,0,1,10,1,0,1,0,0,0,0,0,1,0,0,0,0,0,0,0,0,0,0
627,42757,3,5,40,30,0,0,0,0,1,0,0,2,2,0,0,0,17,1,1,1,0,0,0,0,0,0,0,0,0,0,0,0,0,0,0,1
628,3202,2,3,22,35,0,0,0,0,1,0,0,1,2,0,1,1,26,0,0,1,0,0,0,1,0,0,0,0,0,0,0,0,0,0,0,1
629,18157,4,5,8,60,0,0,0,0,1,0,0,2,3,0,2,1,11,1,1,0,1,0,0,0,0,1,0,0,0,0,0,0,0,0,0,0
630,2612,4,3,8,70,0,0,0,0,0,1,0,0,1,0,0,0,6,0,1,0,1,0,0,0,0,0,0,0,0,0,0,1,0,0,0,0
631,51264,3,2,52,65,0,0,0,1,1,0,0,2,2,0,0,0,16,1,1,1,0,0,0,0,0,0,1,0,0,0,0,0,0,0,0,0
632,5681,2,3,50,75,0,0,0,1,1,0,0,3,3,0,1,1,31,1,1,0,0,0,0,0,0,0,0,1,0,0,0,0,0,0,0,1
633,16528,8,1,40,35,0,1,0,0,1,0,0,2,1,0,0,1,13,1,1,0,0,0,0,0,0,0,0,0,0,0,0,0,0,0,1,0
634,54170,8,4,14,60,0,1,0,1,0,1,0,0,5,0,1,1,18,1,1,1,1,0,0,0,0,0,0,0,0,0,0,0,0,0,0,0
635,9260,1,1,12,45,0,1,0,0,0,1,0,2,1,0,0,0,18,1,1,1,0,0,0,0,0,0,0,0,0,0,0,0,0,0,0,0
638,1765,5,2,16,60,0,1,0,0,1,0,0,2,2,0,0,3,21,1,0,1,0,1,0,1,0,0,0,0,0,0,0,0,0,0,0,0
639,51859,1,4,16,60,0,1,0,1,0,1,0,3,1,0,0,1,20,0,1,0,1,1,0,0,1,0,0,0,0,0,0,0,0,0,0,0
640,10375,3,2,16,52,0,1,0,1,1,0,0,2,2,0,0,0,16,1,1,1,0,0,0,0,0,0,1,0,0,0,0,0,0,0,0,0
641,4827,6,2,20,60,0,1,0,0,0,1,0,3,2,0,0,0,23,0,1,0,1,0,0,0,1,0,0,0,0,0,0,0,0,0,0,0
642,24140,4,4,32,35,0,1,0,0,1,0,0,2,2,0,0,0,25,0,0,0,1,1,0,0,0,0,0,0,0,0,1,0,0,0,0,0
643,17127,2,1,24,35,0,1,0,0,1,0,0,2,2,2,0,0,21,0,1,1,0,0,0,0,0,0,0,1,0,0,0,0,0,0,0,0
644,122124,5,4,40,35,0,1,0,0,1,0,0,2,1,0,1,0,23,1,1,0,0,0,0,0,0,0,0,0,0,1,0,0,0,0,0,0
645,34916,3,3,16,60,0,1,0,0,1,0,0,3,2,0,0,1,16,1,0,1,1,0,0,0,0,1,0,0,0,0,0,0,0,0,0,0
646,18371,8,1,40,35,0,1,0,0,1,1,0,3,1,1,0,2,26,1,1,0,0,0,0,0,0,0,0,0,1,0,0,1,0,0,0,0
647,28117,6,2,16,70,0,1,0,0,0,1,0,3,2,0,1,1,17,1,1,1,0,0,0,1,0,0,0,0,0,0,0,0,0,0,0,0
648,51835,5,6,20,60,0,1,0,1,0,1,0,2,3,1,0,0,26,1,1,0,1,1,0,0,0,0,0,0,0,0,0,0,0,0,0,0
650,57304,10,4,16,70,0,1,0,1,0,1,1,3,2,1,0,0,21,0,1,0,1,1,0,0,0,0,0,0,0,0,1,0,0,0,0,0
653,14508,5,4,16,63,0,1,0,1,0,1,0,2,2,0,1,0,12,0,0,0,1,1,0,0,0,0,0,0,0,0,0,0,0,0,0,1
654,25912,1,2,32,30,0,1,0,1,1,0,0,3,1,0,1,0,28,1,1,1,0,0,0,0,0,0,0,0,0,0,0,0,0,0,0,0
655,45514,4,2,20,60,1,0,0,0,1,0,0,2,1,0,0,1,22,1,0,0,0,0,0,0,0,0,0,0,1,0,0,1,0,0,0,0
657,18550,6,1,32,30,1,0,0,0,1,0,0,2,2,0,1,2,17,1,0,1,0,0,0,0,0,0,0,0,1,0,0,0,0,0,0,0
658,9843,3,1,12,65,1,0,0,0,0,1,0,3,1,0,1,1,26,0,0,0,1,1,0,0,0,0,0,0,0,0,0,0,0,0,0,1
659,111043,6,2,16,60,1,0,0,0,1,0,0,2,1,0,0,0,15,1,0,1,0,0,0,0,0,0,1,0,0,0,0,0,0,0,0,1
660,8793,6,1,32,35,1,0,0,0,1,0,0,3,2,0,0,1,29,0,0,0,1,1,0,0,1,0,0,0,0,0,1,0,0,0,0,0
662,4874,6,2,50,75,1,0,0,1,1,0,0,2,2,0,0,2,23,1,0,1,0,1,0,0,0,0,0,0,0,0,1,0,0,0,0,0
663,66052,4,3,40,30,1,0,0,0,1,0,0,1,2,1,1,1,21,1,0,1,0,1,0,0,0,0,0,0,0,0,1,0,0,0,0,0
664,23390,6,2,40,30,1,0,0,0,1,0,0,4,2,0,2,1,33,1,1,0,0,0,0,0,0,0,0,0,1,0,0,1,0,0,0,0
668,19156,8,3,16,65,1,0,0,1,0,1,0,4,2,0,1,1,30,1,0,1,0,1,0,0,1,0,0,0,0,0,0,0,0,0,0,0
669,44596,6,1,13,60,1,0,0,0,0,1,0,2,2,0,0,1,18,1,1,1,0,0,0,0,0,0,0,0,0,0,0,0,0,0,0,0
671,10284,7,2,16,70,1,0,0,1,0,1,0,3,1,0,0,0,14,1,0,1,0,0,0,0,0,0,0,0,0,1,0,1,0,0,0,0
672,1362,5,3,16,60,1,0,0,0,1,0,0,1,1,0,0,0,28,0,1,1,1,0,0,0,1,0,0,0,0,0,0,0,0,0,0,0
673,18815,4,1,17,60,1,0,0,0,1,0,0,2,2,0,0,0,22,1,1,0,0,1,0,0,0,0,0,0,0,0,1,0,0,0,0,0
674,32272,8,2,16,64,1,0,0,1,0,1,0,2,1,0,0,0,18,0,0,0,1,1,0,1,0,0,0,0,0,0,0,0,0,0,0,1
675,67083,4,2,20,60,1,0,0,0,1,0,0,2,2,0,0,0,20,1,0,0,0,1,0,0,0,0,0,0,0,0,0,0,1,0,0,0
676,24138,5,1,16,68,1,0,0,0,0,1,0,3,2,1,1,1,15,1,0,1,0,0,0,0,0,1,0,0,0,0,0,0,0,0,0,1
677,5754,5,1,16,60,1,0,0,0,1,0,0,4,1,0,1,1,18,1,1,1,0,0,0,0,0,0,1,0,0,0,0,0,0,0,0,0
678,6460,4,2,50,67,1,0,0,1,1,0,0,2,3,0,0,1,22,1,1,0,0,0,0,0,0,0,0,1,0,0,0,0,0,0,0,1
679,32557,2,1,52,66,1,0,0,1,1,0,0,3,3,0,0,1,46,1,1,1,0,0,0,0,0,0,0,0,0,0,0,0,0,0,0,0
681,1655,10,5,20,64,0,0,1,0,1,0,0,2,2,0,0,0,19,0,0,1,1,0,0,0,0,0,0,0,0,0,0,0,0,0,0,0
682,213557,7,6,16,67,0,0,1,1,0,1,0,2,1,0,0,1,18,1,0,1,0,0,0,0,1,0,0,0,0,1,0,0,0,0,0,0
683,402,7,1,40,35,0,0,1,0,1,0,0,1,2,0,0,0,41,1,1,1,0,0,0,0,0,0,0,0,0,0,0,0,0,0,0,1
684,24791,8,2,16,60,0,0,1,1,0,1,0,1,1,0,0,0,12,1,1,0,0,0,0,0,0,0,0,0,0,1,0,0,0,0,0,0
685,22138,2,1,30,60,0,0,1,0,1,0,0,2,2,0,0,0,22,1,0,0,0,1,0,0,1,0,0,0,1,0,0,0,0,0,0,0
686,4320,6,1,28,60,0,0,1,0,1,0,0,2,2,0,0,0,32,1,0,0,1,0,0,0,0,0,0,0,1,0,0,0,0,0,0,0
687,37541,6,4,20,60,0,0,1,0,1,0,0,2,2,0,0,1,21,0,1,1,0,0,0,0,0,0,1,0,0,0,0,0,0,1,0,0
688,16566,5,3,18,70,0,0,1,0,1,0,0,3,2,1,0,1,26,0,1,0,1,1,0,0,0,0,0,0,0,0,1,0,0,0,0,0
689,7263,3,4,16,60,0,0,1,0,1,0,0,1,1,0,0,0,20,0,1,1,1,0,0,0,0,0,0,0,0,0,0,0,0,0,0,1
690,27158,10,2,16,70,0,0,1,0,0,1,0,2,2,0,0,0,19,1,1,1,0,0,0,0,0,0,1,0,0,0,0,0,0,0,0,0
692,130267,1,1,6,22,0,0,1,1,0,1,0,0,1,1,0,0,9,1,1,1,0,0,0,0,0,0,0,0,0,1,0,0,0,0,0,0
694,93164,5,3,20,60,0,0,1,0,1,0,0,2,1,0,0,1,18,1,0,1,0,0,0,0,1,0,0,0,1,0,0,0,0,0,0,0
695,3830,3,2,12,60,0,0,1,1,0,1,0,4,1,0,2,0,16,0,1,0,0,0,0,0,0,1,0,0,0,0,1,0,0,0,0,0
700,143117,1,1,10,35,0,0,0,0,0,1,0,1,0,0,0,0,30,0,0,0,0,0,0,0,0,0,0,0,0,0,0,0,0,0,0,1
701,1803,1,4,20,63,0,0,0,0,1,0,0,1,2,0,0,1,22,0,1,0,0,0,0,0,0,0,1,0,0,0,0,1,0,0,0,0
702,37735,5,3,16,60,0,0,0,0,1,0,0,1,2,0,1,0,26,1,1,1,0,0,0,0,0,0,0,0,0,0,0,0,0,0,0,0
703,86279,7,6,16,60,0,0,0,0,1,0,0,2,2,0,0,0,20,1,1,1,0,0,0,0,0,0,0,0,0,0,0,0,0,0,0,1
704,73577,2,3,20,60,0,0,0,0,1,0,0,1,1,0,0,0,11,1,1,1,0,0,0,1,0,0,0,0,0,0,0,0,0,0,0,0
706,19293,4,3,50,67,0,0,0,1,1,0,0,2,2,0,1,1,28,1,1,0,0,0,0,0,0,0,0,0,0,0,0,0,0,0,0,0
707,56212,7,4,20,60,0,0,0,0,1,0,0,2,1,0,0,0,20,1,1,0,0,0,0,0,0,0,0,0,0,0,0,0,0,0,1,0
708,10402,2,3,16,70,0,0,0,1,0,1,0,5,0,0,0,0,14,0,1,1,0,0,0,0,0,0,1,0,0,0,0,0,0,0,0,0
710,7788,3,4,20,60,0,0,0,0,0,1,0,1,1,0,0,0,34,1,1,1,0,0,0,0,0,0,0,0,0,0,0,0,0,0,0,0
711,13551,5,5,12,70,0,0,0,1,0,1,0,2,4,0,0,1,26,1,1,1,0,0,0,0,0,0,0,0,0,0,0,0,0,0,0,0
712,6606,1,1,8,30,0,0,0,0,0,0,1,1,1,0,0,1,22,1,1,0,0,0,0,0,0,1,0,0,0,0,0,0,0,0,0,1
713,4543,10,2,16,60,0,0,0,0,1,0,0,3,2,0,0,0,24,1,1,1,0,0,0,0,0,0,0,0,0,0,0,0,0,0,0,0
714,2331,6,1,16,40,0,0,0,0,0,1,0,1,1,0,0,0,30,1,1,1,0,0,0,0,0,0,0,0,0,0,0,0,0,0,0,0
715,5450,5,2,16,60,0,0,0,0,1,0,0,2,2,0,0,1,25,1,1,0,0,0,0,0,0,0,0,0,0,0,1,0,0,0,0,0
716,46906,6,3,16,60,0,0,0,1,0,1,0,2,2,1,0,1,24,1,0,0,0,1,0,0,1,0,0,0,0,0,0,0,1,0,0,0
717,21482,6,3,16,60,0,0,0,0,1,0,0,2,2,0,1,1,22,1,1,1,0,0,0,0,0,0,0,0,0,0,0,0,0,0,0,0
718,5713,7,2,16,60,0,0,0,0,1,0,0,2,2,1,0,0,28,1,1,0,0,0,0,0,0,0,0,0,0,0,0,0,0,0,0,0
720,15213,5,6,16,64,0,0,0,0,0,1,0,1,1,0,0,0,34,1,0,1,0,0,0,0,0,0,0,0,0,0,0,0,0,0,0,1
724,10888,2,3,53,75,0,1,0,1,1,0,0,2,3,0,0,0,18,1,1,0,0,0,0,0,0,0,0,0,0,0,1,0,0,0,0,0
725,13776,4,2,54,65,0,1,0,1,1,0,0,4,2,0,0,1,32,1,1,1,0,0,0,0,0,0,0,0,0,0,0,0,0,0,0,0
726,40337,5,2,24,60,0,1,0,0,1,0,0,2,1,1,0,0,16,1,0,1,0,0,0,0,0,0,0,0,0,0,0,0,0,0,0,0
727,90466,4,4,18,59,0,1,0,0,1,0,0,3,2,1,1,0,23,1,1,1,0,0,0,0,0,0,0,0,1,0,0,0,0,0,0,0
728,95493,3,4,16,60,0,1,0,1,0,1,0,4,2,0,0,2,16,1,1,1,0,0,0,0,0,0,0,0,0,0,0,0,0,0,0,0
729,1838,6,1,20,65,0,1,0,1,1,0,0,2,2,0,0,1,26,1,1,0,0,0,0,0,0,0,0,0,0,0,0,0,0,0,0,0
730,43914,6,4,12,60,0,1,0,1,0,1,0,0,5,0,1,1,20,1,1,1,0,0,0,0,0,0,0,0,0,0,0,0,0,0,0,0
731,46582,4,4,16,60,0,1,0,0,1,0,0,1,1,0,0,0,16,1,0,1,0,1,0,1,0,0,0,0,0,0,0,0,0,0,0,0
732,21551,7,4,16,60,0,1,0,0,0,1,0,2,1,0,1,1,31,1,0,1,0,0,0,0,0,0,0,0,0,1,0,0,0,0,0,1
733,9372,6,4,16,60,0,1,0,1,0,1,0,2,1,0,0,0,15,1,1,0,0,0,0,0,0,0,0,0,0,0,1,1,0,0,0,0
734,73436,5,2,20,60,0,1,0,0,1,0,0,2,2,0,0,1,16,1,1,1,0,0,0,0,0,0,0,0,0,0,0,0,0,0,0,0
735,11950,6,3,20,20,0,1,0,1,1,0,1,2,1,0,0,1,29,1,1,1,0,0,0,0,0,0,1,0,0,0,0,0,0,0,0,0
736,55134,2,2,8,70,0,1,0,0,0,2,0,3,2,0,0,2,25,1,0,1,0,0,0,0,0,0,0,0,0,0,0,0,0,0,0,1
738,53975,3,5,16,60,0,1,0,0,1,0,0,3,1,0,0,1,16,1,1,0,1,0,0,0,0,0,0,0,0,0,0,0,0,0,0,0
740,90958,5,5,20,60,0,1,0,0,1,0,0,2,2,0,0,0,19,1,1,1,0,0,0,0,0,0,0,0,0,0,0,0,0,0,1,0
741,5204,6,3,14,60,0,1,0,0,1,0,0,2,1,0,0,0,23,1,0,0,1,0,0,0,0,0,0,0,0,0,0,0,1,0,1,0
742,40871,6,4,16,64,0,1,0,1,0,1,0,1,2,0,1,2,17,0,1,1,1,0,0,0,0,0,0,0,0,0,0,0,0,1,0,0
744,3018,2,2,16,60,1,0,0,0,1,0,0,2,2,0,0,0,20,1,1,1,0,0,0,0,0,0,1,0,0,0,0,0,0,0,0,0
746,9520,6,4,20,60,1,0,0,1,1,0,0,2,2,0,0,1,22,1,1,1,0,0,0,0,0,0,0,0,0,0,0,0,0,0,0,0
747,15978,3,3,20,65,1,0,0,1,0,1,0,1,1,0,1,0,20,1,0,0,0,0,0,1,0,0,0,0,1,0,0,0,0,0,1,0
748,30450,8,3,16,70,1,0,0,1,0,1,0,0,6,0,0,0,58,1,1,0,0,0,0,0,0,0,0,0,0,0,0,0,0,0,0,0
750,78944,10,3,18,70,1,0,0,0,0,1,0,1,2,0,0,1,26,1,0,1,0,0,0,0,0,0,0,0,0,1,0,0,0,0,0,0
751,13071,4,2,51,65,1,0,0,1,1,0,0,2,1,0,0,0,24,1,1,0,0,0,0,0,0,0,0,0,1,0,1,0,0,0,0,0
752,292,2,2,20,63,1,0,0,0,1,0,0,3,2,0,0,0,24,1,1,0,1,0,0,0,0,0,0,0,0,0,0,0,0,0,0,1
753,23850,7,4,18,60,1,0,0,0,1,0,0,2,2,0,0,3,22,0,1,1,0,0,0,0,0,0,1,0,0,0,0,0,0,0,0,1
754,16333,1,1,10,20,1,0,0,1,0,1,0,2,1,0,0,0,11,1,1,1,0,0,0,0,0,0,0,0,0,1,0,0,0,0,0,0
755,51050,3,2,24,75,1,0,0,0,1,0,0,4,2,1,2,0,26,0,1,1,0,0,0,0,1,0,0,0,1,0,0,0,0,0,0,0
757,8738,4,2,20,60,1,0,0,0,1,0,0,1,1,0,0,0,13,0,0,1,1,0,0,0,0,0,0,0,0,0,1,0,0,0,0,0
758,1756,4,2,12,61,1,0,0,1,0,1,0,2,1,0,1,1,28,0,0,0,1,1,0,0,0,0,0,0,0,1,0,0,0,0,0,0
759,5503,7,3,16,65,1,0,0,1,0,1,0,1,1,0,0,0,19,0,1,1,0,0,0,0,0,0,1,0,0,0,0,0,0,0,0,0
760,95189,2,2,16,65,1,0,0,1,0,1,0,1,2,1,0,0,30,1,1,0,0,0,0,0,0,0,0,0,0,0,1,0,0,0,0,0
761,844,4,1,20,65,1,0,0,0,1,0,0,3,2,0,0,0,20,1,1,0,0,1,0,0,0,0,1,0,0,0,0,0,0,0,0,0
762,25974,9,6,16,65,1,0,0,0,0,1,0,1,1,0,0,0,19,0,1,0,1,1,0,0,1,0,0,0,0,0,0,0,0,0,0,0
763,37579,3,2,16,45,1,0,0,1,1,0,0,1,1,0,0,0,32,1,0,1,0,0,0,0,0,0,0,1,0,0,0,0,0,0,0,0
764,16511,9,3,20,64,1,0,0,1,1,0,0,2,1,0,0,1,30,0,1,0,1,0,0,0,0,0,0,0,0,0,0,0,0,0,0,0
765,33179,5,1,16,75,1,0,0,1,1,0,0,1,2,0,1,1,25,1,1,0,0,0,0,0,0,0,0,0,0,0,0,0,0,0,0,0
767,18840,4,1,51,70,0,0,1,1,1,0,0,2,1,0,0,0,27,1,1,0,0,0,0,0,0,0,0,0,0,0,0,0,0,0,0,0
768,12049,2,2,16,60,0,0,1,0,1,0,0,3,3,0,0,1,23,1,1,1,0,0,0,0,0,0,0,0,0,1,0,0,0,0,0,0
770,11950,2,5,54,70,0,0,1,1,1,0,0,3,3,0,0,1,30,1,1,1,0,0,0,0,0,0,0,0,0,0,0,0,0,0,0,0
771,3237,4,1,54,75,0,0,1,1,1,0,0,3,3,0,0,1,40,1,0,1,0,0,0,0,0,0,0,1,0,0,0,0,0,0,0,0
773,7486,6,1,16,65,0,0,1,1,0,1,0,3,1,0,0,1,25,0,0,1,1,1,0,0,1,0,0,0,0,0,0,0,0,0,0,0
774,2894,5,1,16,65,0,0,1,1,0,1,0,3,1,0,0,1,19,1,0,1,0,0,0,0,0,0,0,0,0,0,0,0,1,0,0,0
776,11778,3,1,16,70,0,0,1,0,1,0,0,2,4,0,0,2,25,1,1,1,0,0,0,0,0,1,0,0,0,0,0,0,0,0,0,0
777,8267,1,2,16,63,0,0,1,0,1,0,0,2,2,0,1,1,14,1,1,0,0,0,0,0,1,0,0,0,0,1,0,0,0,0,0,0
779,36240,4,2,16,65,0,0,1,0,0,1,0,2,2,0,0,0,16,1,1,0,0,0,0,0,0,0,0,0,0,0,0,0,1,0,0,0
780,6330,5,3,24,62,0,0,1,1,1,0,0,5,0,0,1,0,29,0,1,0,0,0,0,0,0,0,0,0,1,0,0,0,0,0,0,0
782,79037,1,1,10,25,0,0,1,0,0,1,0,1,1,0,0,0,22,0,1,0,0,0,0,0,0,0,0,0,0,0,0,0,0,0,0,1
784,72140,3,2,8,35,0,0,0,0,0,1,0,1,2,0,1,0,17,0,1,0,0,0,0,0,0,0,0,0,0,1,0,0,0,0,0,0
785,7277,2,3,16,63,0,0,0,0,1,0,0,3,1,1,0,0,40,1,1,1,0,0,0,0,1,0,0,0,0,0,0,0,0,0,0,0
786,33752,6,1,16,60,0,0,0,0,1,0,0,2,2,0,0,0,24,1,1,1,0,0,0,0,0,0,0,0,0,0,1,0,0,0,0,0
788,4657,4,1,12,60,0,0,0,1,0,1,0,3,2,0,0,0,27,1,1,0,0,0,0,0,0,0,1,0,0,0,0,0,0,0,0,0
789,244639,4,4,20,95,0,0,0,1,0,1,0,4,1,0,0,1,15,1,1,1,0,0,0,0,0,1,0,0,0,0,0,0,0,0,0,0
792,31886,1,1,16,65,0,0,0,0,0,1,0,2,1,0,0,0,11,0,1,0,0,0,0,0,0,0,0,0,0,0,0,0,0,0,0,1
793,236029,6,2,16,60,0,0,0,0,0,1,0,2,2,0,0,0,22,1,1,1,0,0,0,0,0,0,0,0,0,0,0,0,0,0,0,0
794,13172,5,6,12,65,0,0,0,1,0,1,0,2,0,0,0,1,61,0,1,0,0,0,0,0,0,0,0,0,0,0,0,0,0,0,0,0
795,5915,3,2,16,65,0,0,0,0,1,0,0,2,3,0,1,1,23,0,0,0,1,1,0,0,0,0,0,0,0,1,0,0,0,0,0,1
796,8467,6,5,8,55,0,0,0,0,0,1,0,3,3,0,0,1,21,1,1,0,0,0,0,0,0,1,0,0,0,0,0,0,0,0,0,0
797,12354,9,3,12,60,0,0,0,0,1,0,0,3,2,0,0,2,19,1,1,0,0,0,0,0,0,1,0,0,0,0,0,0,0,0,0,1
798,2647,7,2,50,63,0,0,0,0,1,0,0,2,2,1,0,0,27,1,1,0,0,0,0,0,0,0,0,0,0,0,0,1,0,0,0,0
799,57198,5,4,50,60,0,0,0,0,1,0,0,5,1,0,1,0,20,0,1,0,0,0,0,0,1,0,0,0,1,0,0,1,0,0,0,0
800,451,3,2,41,60,0,0,0,0,1,0,0,3,3,0,1,0,39,1,0,0,0,0,0,0,0,0,1,0,1,0,0,1,0,0,0,0
801,58866,2,1,20,65,0,0,0,1,0,1,0,3,1,0,0,0,30,1,1,0,0,0,0,0,0,0,0,0,0,0,0,0,0,0,1,0
802,72737,4,2,16,60,0,0,0,0,1,0,0,2,2,0,0,1,24,1,1,1,0,0,0,0,0,0,0,0,0,0,0,0,0,0,0,0
804,33822,5,6,51,75,0,0,0,1,1,0,0,3,3,0,1,0,23,1,1,0,0,0,0,0,0,0,0,1,0,0,0,0,0,0,0,0
807,8405,3,2,16,62,0,1,0,1,0,1,0,2,1,0,0,0,27,1,1,1,0,0,0,0,0,0,0,0,0,0,0,0,0,0,0,0
808,1806,6,2,10,75,0,1,0,1,0,1,0,1,2,0,0,1,27,0,1,0,1,0,0,0,0,0,0,0,0,1,0,0,0,0,0,0
809,23251,2,3,50,65,0,1,0,1,1,0,0,2,2,0,0,0,30,1,1,0,0,0,0,0,0,0,0,0,0,0,0,0,0,0,0,0
810,21125,3,1,12,75,0,1,0,0,1,0,0,1,2,0,0,0,44,1,1,1,0,0,0,0,0,0,0,1,0,0,0,0,0,0,0,0
811,4915,1,5,54,80,0,1,0,1,1,0,0,2,3,0,0,1,45,1,1,0,0,0,0,0,0,0,0,1,0,0,0,0,0,0,0,0
812,7096,3,6,22,60,0,1,0,0,0,1,0,2,1,0,0,0,27,0,1,1,0,0,0,0,0,0,0,0,0,0,0,0,0,0,0,0
813,21549,6,3,18,65,0,1,0,0,1,0,0,2,2,0,0,2,20,1,1,0,0,0,0,0,1,0,0,0,0,0,0,0,0,0,1,0
814,27277,10,3,18,65,0,1,0,0,1,0,0,2,2,0,0,2,30,0,0,0,1,0,0,0,1,0,0,0,0,0,0,0,0,0,0,0
815,19240,1,1,12,25,0,1,0,0,0,1,0,5,1,0,1,2,11,0,0,0,0,0,0,0,0,0,0,1,0,0,0,0,0,0,0,0
817,355,4,2,20,62,0,1,0,0,1,0,0,3,1,0,1,0,34,0,1,0,0,0,0,0,0,0,0,0,0,0,1,1,0,0,0,0
818,14363,2,1,20,60,0,1,0,0,1,0,0,3,2,0,0,1,17,1,0,0,1,0,0,1,0,0,0,0,1,0,0,0,0,0,0,0
819,70275,10,4,16,20,0,1,0,0,0,1,0,1,1,0,0,1,21,1,0,1,0,0,0,0,0,0,0,0,0,0,0,0,0,0,0,1
820,6102,1,1,20,30,0,1,0,1,1,0,0,1,0,0,0,0,26,0,1,0,0,0,0,0,0,0,0,0,0,0,0,0,0,0,0,1
821,45483,8,5,16,60,0,1,0,1,0,1,0,2,2,1,0,0,19,1,0,1,0,1,0,0,0,0,0,0,0,1,0,0,0,0,0,0
822,92247,1,3,12,25,0,1,0,0,0,1,0,1,1,0,0,1,34,1,1,1,0,0,0,0,0,0,0,0,0,0,0,0,0,0,0,1
823,12028,6,3,16,64,0,1,0,1,1,0,0,2,2,0,0,0,16,1,0,1,0,0,0,0,0,1,0,0,0,0,0,0,0,0,0,0
825,7499,4,3,16,70,0,1,0,0,1,0,0,3,1,0,0,2,24,0,1,0,1,1,0,0,0,0,0,0,0,0,0,0,1,0,0,0
826,9175,8,2,16,60,0,1,0,1,0,1,0,3,2,1,0,0,23,1,0,0,1,0,0,0,1,0,0,0,0,0,0,0,0,1,0,0
827,13581,10,2,16,60,0,1,0,0,0,1,0,3,1,0,0,0,35,0,1,0,1,0,0,0,0,0,0,0,0,0,0,0,0,0,0,0
830,24005,6,5,16,60,0,1,0,0,1,0,0,2,2,0,0,2,20,1,0,1,0,0,0,0,0,0,1,0,0,0,0,0,0,0,0,0
831,190765,4,1,8,55,1,0,0,0,1,0,0,0,5,0,0,0,28,0,1,0,0,0,0,0,0,0,0,1,0,0,0,0,0,0,0,0
832,15106,6,6,16,65,1,0,0,1,0,1,0,1,1,0,0,0,12,1,1,0,0,0,0,0,0,0,0,0,0,0,0,0,0,0,0,0
833,1367,3,4,16,70,1,0,0,0,1,0,0,1,1,0,0,0,28,1,1,1,0,0,0,0,1,0,0,0,0,0,0,0,0,0,0,0
836,30970,5,3,12,85,1,0,0,1,1,0,0,2,2,0,0,1,22,1,1,1,0,0,0,0,0,0,0,0,0,0,0,0,0,0,0,0
837,27513,7,1,12,50,1,0,0,0,1,0,0,1,1,0,1,0,19,1,1,0,0,0,0,0,0,0,0,0,1,1,0,0,0,0,0,0
838,14383,7,5,16,60,1,0,0,0,1,0,0,1,1,0,0,0,19,1,0,1,0,0,0,0,0,0,0,0,0,0,0,0,0,0,0,1
840,6713,4,2,12,60,1,0,0,1,0,1,0,1,4,0,0,0,16,1,1,1,0,0,0,0,0,0,0,0,0,0,0,0,0,0,0,0
842,112500,4,4,16,60,1,0,0,0,1,0,0,2,1,0,1,1,25,1,1,0,1,0,0,0,0,1,0,0,0,0,0,0,0,0,0,0
843,1456,5,2,40,75,1,0,0,1,1,0,0,2,3,1,1,0,29,1,1,0,0,0,0,0,0,0,0,0,0,0,0,0,0,0,0,0
844,13597,3,1,18,64,1,0,0,1,1,0,0,2,2,0,0,0,24,1,0,1,0,0,0,0,0,0,0,0,0,0,1,0,0,0,0,0
845,3145,8,3,50,60,1,0,0,0,1,0,0,3,1,0,0,1,20,0,1,0,0,0,0,0,0,0,0,0,1,0,0,1,0,0,0,0
846,18882,1,1,16,30,1,0,0,0,0,1,0,3,0,0,1,0,36,0,0,1,0,0,0,0,0,0,0,0,0,1,0,0,0,0,0,0
847,24660,8,3,16,50,1,0,0,1,0,1,0,2,1,0,0,2,11,1,1,0,0,0,0,0,0,0,0,0,0,0,0,0,0,0,0,0
849,33465,7,1,18,65,1,0,0,0,0,1,0,2,1,0,0,1,25,1,1,1,0,0,0,0,0,0,0,0,0,0,0,0,0,0,0,1
850,16474,4,2,16,60,1,0,0,1,0,1,0,2,1,0,0,0,25,1,1,1,0,0,0,0,0,0,1,0,0,0,0,0,0,0,0,0
851,52330,1,1,12,50,1,0,0,0,0,1,0,2,2,0,0,1,28,1,1,1,0,0,0,0,0,0,0,0,0,0,0,0,0,0,0,0
852,13504,5,4,16,60,1,0,0,0,1,0,0,2,2,0,1,1,17,1,0,0,1,0,0,0,0,0,0,0,0,1,0,0,0,0,0,0
853,10550,4,2,10,70,1,0,0,1,0,1,0,2,1,0,0,0,17,0,1,0,1,1,0,0,0,0,0,0,0,0,0,0,0,0,0,0
854,14367,3,3,16,70,1,0,0,0,1,0,0,1,2,0,1,1,31,1,1,1,0,0,0,0,0,0,0,0,0,0,0,0,0,0,0,0
855,1547,3,3,50,65,1,0,0,1,1,0,0,2,2,0,0,0,24,1,1,1,0,0,0,0,0,0,0,0,0,0,0,0,0,0,0,0
856,3526,10,1,16,65,1,0,0,1,0,1,0,1,2,0,1,2,27,1,1,1,0,0,0,0,0,0,0,0,0,0,0,0,0,0,1,0
858,2036,4,3,24,70,0,0,1,0,1,0,0,0,3,0,0,0,33,1,1,1,0,0,0,0,0,0,0,0,0,0,0,0,0,0,0,0
859,13632,3,1,30,60,0,0,1,0,1,0,0,1,2,0,1,1,21,1,0,1,0,0,0,0,0,0,0,0,0,0,0,0,0,0,0,0
860,941,3,4,50,60,0,0,1,1,1,0,0,2,2,0,0,0,26,1,1,1,0,0,0,0,0,0,0,0,0,0,0,0,0,0,0,0
862,10431,5,2,50,50,0,0,1,1,1,0,0,2,0,0,0,0,40,0,1,0,0,0,0,0,0,0,0,0,1,0,0,1,0,0,0,0
863,23964,3,2,16,60,0,0,1,0,0,1,0,1,2,0,0,2,25,1,0,1,0,0,0,0,0,1,0,0,0,0,0,0,0,0,0,0
865,4644,5,3,20,60,0,0,1,0,1,0,0,2,2,0,0,1,17,1,1,1,0,0,0,0,0,0,0,0,0,0,0,0,1,0,0,0
866,8369,2,2,24,65,0,0,1,0,1,0,0,4,2,0,0,0,28,1,0,0,0,0,0,0,0,0,0,0,1,1,0,1,0,0,0,0
867,1772,4,3,26,70,0,0,1,1,1,0,0,1,3,0,0,0,22,1,1,0,0,0,0,0,0,0,0,1,0,0,0,0,0,0,0,0
868,73819,5,4,16,50,0,0,1,0,1,0,0,2,2,0,0,1,27,1,0,0,0,1,0,0,0,0,0,0,0,0,0,1,0,1,0,0
869,5596,1,2,12,75,0,0,1,0,0,1,0,2,1,1,0,1,14,1,0,0,0,0,0,0,0,1,0,0,0,0,0,0,0,0,0,1
870,32651,4,1,16,60,0,0,1,1,0,1,0,2,1,0,0,0,28,1,0,1,0,0,0,0,0,0,0,0,0,0,0,0,1,0,0,0
871,28692,5,2,20,62,0,0,1,0,1,0,0,3,2,0,0,0,22,1,1,1,0,0,0,0,0,0,0,0,0,0,0,0,1,0,0,0
874,37701,6,2,20,60,0,0,1,1,1,0,0,1,2,0,0,0,34,1,0,1,0,0,0,0,0,0,0,1,0,0,0,0,0,0,0,0
878,240832,1,1,10,25,0,0,1,0,0,2,0,1,0,0,0,1,22,0,1,0,0,0,0,0,0,1,0,0,0,0,0,0,0,0,0,0
880,31612,6,1,16,62,1,0,0,1,0,3,2,0,1,0,1,1,25,1,0,1,0,0,0,0,0,0,0,0,0,0,0,0,0,0,0,1
883,88767,2,1,10,16,0,0,1,0,0,2,0,1,1,0,0,2,5,1,0,0,0,0,0,0,0,0,0,0,0,0,0,0,0,0,0,0
884,15805,10,1,16,70,0,0,1,0,1,0,1,2,1,0,0,2,27,1,0,1,1,0,0,0,0,0,0,0,1,0,0,0,0,0,0,0
885,192032,3,1,12,20,0,0,1,0,0,2,0,2,0,0,0,0,10,1,1,0,0,0,0,0,0,1,0,0,0,0,0,0,0,0,0,0
886,153634,1,1,8,17,0,0,0,0,1,2,0,1,0,0,0,0,12,1,1,1,0,0,0,0,0,0,0,0,0,0,0,0,0,0,0,1
889,63763,8,1,20,26,0,1,0,1,1,2,0,1,0,0,0,1,10,1,1,0,0,0,0,0,0,1,0,0,0,0,0,0,0,0,0,0
890,98354,1,1,12,18,0,1,0,0,0,2,0,1,1,0,0,1,12,1,0,1,0,0,0,0,0,0,1,0,0,0,0,0,0,0,0,1
892,19771,1,1,16,23,0,0,1,1,0,2,0,2,0,0,0,0,7,1,1,0,0,0,0,0,0,1,0,0,0,0,0,0,0,0,0,0
893,232766,5,2,10,25,0,0,1,0,1,2,0,2,2,0,0,2,19,1,1,0,0,0,0,0,0,0,1,0,0,0,0,0,0,0,0,0
897,89865,1,1,10,25,0,0,0,0,1,1,0,1,1,0,0,0,9,1,1,0,0,0,0,0,0,1,0,0,0,0,0,0,0,0,0,0
899,189741,3,2,16,20,0,1,0,1,0,2,0,3,1,0,1,0,10,1,1,0,0,0,0,0,0,1,0,0,0,0,0,0,0,0,0,0
905,17792,6,1,20,60,0,0,1,0,1,0,0,3,2,0,1,0,27,1,0,0,1,1,0,0,0,0,0,0,0,0,1,0,0,0,0,0
